3/1/2016 0:00,339.86
3/1/2016 0:15,343.08
3/1/2016 0:30,346.26
3/1/2016 0:45,353.44
3/1/2016 1:00,330.28
3/1/2016 1:15,333.45
3/1/2016 1:30,348.44
3/1/2016 1:45,364.95
3/1/2016 2:00,312.70
3/1/2016 2:15,328.67
3/1/2016 2:30,331.23
3/1/2016 2:45,325.36
3/1/2016 3:00,320.45
3/1/2016 3:15,331.35
3/1/2016 3:30,300.21
3/1/2016 3:45,310.58
3/1/2016 4:00,307.56
3/1/2016 4:15,289.39
3/1/2016 4:30,287.25
3/1/2016 4:45,273.04
3/1/2016 5:00,274.21
3/1/2016 5:15,278.39
3/1/2016 5:30,263.43
3/1/2016 5:45,272.93
3/1/2016 6:00,279.12
3/1/2016 6:15,276.22
3/1/2016 6:30,269.05
3/1/2016 6:45,268.56
3/1/2016 7:00,253.71
3/1/2016 7:15,258.73
3/1/2016 7:30,255.27
3/1/2016 7:45,249.30
3/1/2016 8:00,226.55
3/1/2016 8:15,243.98
3/1/2016 8:30,249.02
3/1/2016 8:45,247.10
3/1/2016 9:00,242.77
3/1/2016 9:15,256.46
3/1/2016 9:30,249.40
3/1/2016 9:45,238.65
3/1/2016 10:00,246.16
3/1/2016 10:15,243.20
3/1/2016 10:30,244.55
3/1/2016 10:45,233.60
3/1/2016 11:00,227.10
3/1/2016 11:15,232.00
3/1/2016 11:30,243.07
3/1/2016 11:45,241.60
3/1/2016 12:00,247.44
3/1/2016 12:15,249.52
3/1/2016 12:30,262.40
3/1/2016 12:45,263.95
3/1/2016 13:00,289.60
3/1/2016 13:15,285.11
3/1/2016 13:30,277.05
3/1/2016 13:45,275.14
3/1/2016 14:00,283.23
3/1/2016 14:15,296.04
3/1/2016 14:30,297.61
3/1/2016 14:45,302.45
3/1/2016 15:00,301.12
3/1/2016 15:15,304.57
3/1/2016 15:30,299.25
3/1/2016 15:45,310.97
3/1/2016 16:00,304.00
3/1/2016 16:15,312.52
3/1/2016 16:30,307.16
3/1/2016 16:45,311.63
3/1/2016 17:00,292.75
3/1/2016 17:15,309.40
3/1/2016 17:30,307.22
3/1/2016 17:45,326.87
3/1/2016 18:00,319.02
3/1/2016 18:15,313.86
3/1/2016 18:30,317.04
3/1/2016 18:45,326.27
3/1/2016 19:00,327.24
3/1/2016 19:15,313.36
3/1/2016 19:30,317.96
3/1/2016 19:45,317.78
3/1/2016 20:00,309.19
3/1/2016 20:15,312.92
3/1/2016 20:30,321.43
3/1/2016 20:45,324.93
3/1/2016 21:00,333.20
3/1/2016 21:15,341.17
3/1/2016 21:30,342.25
3/1/2016 21:45,334.38
3/1/2016 22:00,320.20
3/1/2016 22:15,329.75
3/1/2016 22:30,325.97
3/1/2016 22:45,333.79
3/1/2016 23:00,327.41
3/1/2016 23:15,316.21
3/1/2016 23:30,320.43
3/1/2016 23:45,343.49
3/2/2016 0:00,343.68
3/2/2016 0:15,345.22
3/2/2016 0:30,348.47
3/2/2016 0:45,344.50
3/2/2016 1:00,326.84
3/2/2016 1:15,323.02
3/2/2016 1:30,342.93
3/2/2016 1:45,345.90
3/2/2016 2:00,320.65
3/2/2016 2:15,324.99
3/2/2016 2:30,322.42
3/2/2016 2:45,321.17
3/2/2016 3:00,320.41
3/2/2016 3:15,316.10
3/2/2016 3:30,302.54
3/2/2016 3:45,305.92
3/2/2016 4:00,297.70
3/2/2016 4:15,288.19
3/2/2016 4:30,287.26
3/2/2016 4:45,292.69
3/2/2016 5:00,286.18
3/2/2016 5:15,271.88
3/2/2016 5:30,266.97
3/2/2016 5:45,277.47
3/2/2016 6:00,277.86
3/2/2016 6:15,273.60
3/2/2016 6:30,271.77
3/2/2016 6:45,262.65
3/2/2016 7:00,267.86
3/2/2016 7:15,252.80
3/2/2016 7:30,237.76
3/2/2016 7:45,249.41
3/2/2016 8:00,233.42
3/2/2016 8:15,240.00
3/2/2016 8:30,236.80
3/2/2016 8:45,244.80
3/2/2016 9:00,260.80
3/2/2016 9:15,259.20
3/2/2016 9:30,249.60
3/2/2016 9:45,230.40
3/2/2016 10:00,241.60
3/2/2016 10:15,246.40
3/2/2016 10:30,241.60
3/2/2016 10:45,225.60
3/2/2016 11:00,240.00
3/2/2016 11:15,236.80
3/2/2016 11:30,241.60
3/2/2016 11:45,247.50
3/2/2016 12:00,256.26
3/2/2016 12:15,254.68
3/2/2016 12:30,256.28
3/2/2016 12:45,271.13
3/2/2016 13:00,284.80
3/2/2016 13:15,291.20
3/2/2016 13:30,260.80
3/2/2016 13:45,273.60
3/2/2016 14:00,284.80
3/2/2016 14:15,308.91
3/2/2016 14:30,307.34
3/2/2016 14:45,297.61
3/2/2016 15:00,292.82
3/2/2016 15:15,297.60
3/2/2016 15:30,299.23
3/2/2016 15:45,316.22
3/2/2016 16:00,305.17
3/2/2016 16:15,297.64
3/2/2016 16:30,298.53
3/2/2016 16:45,313.31
3/2/2016 17:00,294.03
3/2/2016 17:15,300.48
3/2/2016 17:30,315.46
3/2/2016 17:45,329.28
3/2/2016 18:00,325.95
3/2/2016 18:15,317.39
3/2/2016 18:30,308.64
3/2/2016 18:45,317.42
3/2/2016 19:00,311.61
3/2/2016 19:15,325.19
3/2/2016 19:30,304.67
3/2/2016 19:45,323.95
3/2/2016 20:00,299.47
3/2/2016 20:15,314.50
3/2/2016 20:30,323.00
3/2/2016 20:45,328.78
3/2/2016 21:00,328.00
3/2/2016 21:15,328.00
3/2/2016 21:30,321.60
3/2/2016 21:45,332.23
3/2/2016 22:00,322.32
3/2/2016 22:15,332.69
3/2/2016 22:30,320.71
3/2/2016 22:45,326.94
3/2/2016 23:00,325.93
3/2/2016 23:15,322.66
3/2/2016 23:30,315.84
3/2/2016 23:45,338.42
3/3/2016 0:00,327.56
3/3/2016 0:15,319.67
3/3/2016 0:30,320.14
3/3/2016 0:45,334.34
3/3/2016 1:00,316.39
3/3/2016 1:15,318.11
3/3/2016 1:30,330.46
3/3/2016 1:45,338.38
3/3/2016 2:00,313.02
3/3/2016 2:15,318.05
3/3/2016 2:30,313.67
3/3/2016 2:45,318.68
3/3/2016 3:00,305.98
3/3/2016 3:15,300.29
3/3/2016 3:30,313.09
3/3/2016 3:45,299.60
3/3/2016 4:00,283.20
3/3/2016 4:15,285.47
3/3/2016 4:30,286.59
3/3/2016 4:45,277.05
3/3/2016 5:00,269.43
3/3/2016 5:15,259.63
3/3/2016 5:30,262.93
3/3/2016 5:45,272.71
3/3/2016 6:00,272.38
3/3/2016 6:15,265.82
3/3/2016 6:30,254.38
3/3/2016 6:45,274.34
3/3/2016 7:00,255.71
3/3/2016 7:15,245.05
3/3/2016 7:30,245.36
3/3/2016 7:45,256.00
3/3/2016 8:00,231.71
3/3/2016 8:15,230.65
3/3/2016 8:30,240.56
3/3/2016 8:45,249.60
3/3/2016 9:00,254.40
3/3/2016 9:15,249.60
3/3/2016 9:30,248.00
3/3/2016 9:45,236.80
3/3/2016 10:00,241.60
3/3/2016 10:15,232.00
3/3/2016 10:30,224.00
3/3/2016 10:45,232.00
3/3/2016 11:00,232.00
3/3/2016 11:15,240.00
3/3/2016 11:30,220.80
3/3/2016 11:45,241.60
3/3/2016 12:00,251.20
3/3/2016 12:15,256.00
3/3/2016 12:30,259.20
3/3/2016 12:45,264.00
3/3/2016 13:00,292.80
3/3/2016 13:15,279.05
3/3/2016 13:30,265.85
3/3/2016 13:45,274.80
3/3/2016 14:00,294.47
3/3/2016 14:15,307.89
3/3/2016 14:30,299.20
3/3/2016 14:45,305.60
3/3/2016 15:00,292.91
3/3/2016 15:15,307.72
3/3/2016 15:30,297.64
3/3/2016 15:45,294.51
3/3/2016 16:00,312.04
3/3/2016 16:15,307.94
3/3/2016 16:30,302.51
3/3/2016 16:45,284.81
3/3/2016 17:00,295.69
3/3/2016 17:15,300.27
3/3/2016 17:30,305.03
3/3/2016 17:45,322.92
3/3/2016 18:00,314.95
3/3/2016 18:15,302.58
3/3/2016 18:30,315.71
3/3/2016 18:45,319.27
3/3/2016 19:00,304.03
3/3/2016 19:15,309.37
3/3/2016 19:30,298.18
3/3/2016 19:45,319.45
3/3/2016 20:00,295.60
3/3/2016 20:15,303.00
3/3/2016 20:30,305.60
3/3/2016 20:45,316.80
3/3/2016 21:00,337.60
3/3/2016 21:15,340.80
3/3/2016 21:30,328.00
3/3/2016 21:45,326.40
3/3/2016 22:00,322.69
3/3/2016 22:15,314.27
3/3/2016 22:30,320.44
3/3/2016 22:45,332.62
3/3/2016 23:00,316.73
3/3/2016 23:15,321.48
3/3/2016 23:30,305.30
3/3/2016 23:45,329.01
3/4/2016 0:00,324.96
3/4/2016 0:15,319.73
3/4/2016 0:30,316.95
3/4/2016 0:45,315.28
3/4/2016 1:00,320.02
3/4/2016 1:15,316.80
3/4/2016 1:30,316.53
3/4/2016 1:45,326.39
3/4/2016 2:00,313.12
3/4/2016 2:15,312.32
3/4/2016 2:30,313.17
3/4/2016 2:45,305.93
3/4/2016 3:00,305.78
3/4/2016 3:15,311.16
3/4/2016 3:30,307.20
3/4/2016 3:45,289.38
3/4/2016 4:00,283.99
3/4/2016 4:15,283.68
3/4/2016 4:30,286.32
3/4/2016 4:45,280.35
3/4/2016 5:00,255.20
3/4/2016 5:15,259.26
3/4/2016 5:30,264.12
3/4/2016 5:45,267.38
3/4/2016 6:00,271.45
3/4/2016 6:15,258.09
3/4/2016 6:30,263.08
3/4/2016 6:45,265.25
3/4/2016 7:00,253.11
3/4/2016 7:15,238.40
3/4/2016 7:30,249.51
3/4/2016 7:45,252.80
3/4/2016 8:00,222.19
3/4/2016 8:15,228.80
3/4/2016 8:30,239.63
3/4/2016 8:45,249.46
3/4/2016 9:00,254.40
3/4/2016 9:15,256.92
3/4/2016 9:30,230.40
3/4/2016 9:45,230.35
3/4/2016 10:00,240.00
3/4/2016 10:15,237.60
3/4/2016 10:30,224.59
3/4/2016 10:45,233.60
3/4/2016 11:00,233.60
3/4/2016 11:15,233.60
3/4/2016 11:30,230.40
3/4/2016 11:45,240.00
3/4/2016 12:00,257.60
3/4/2016 12:15,260.80
3/4/2016 12:30,257.60
3/4/2016 12:45,265.60
3/4/2016 13:00,294.40
3/4/2016 13:15,278.40
3/4/2016 13:30,270.40
3/4/2016 13:45,284.82
3/4/2016 14:00,291.20
3/4/2016 14:15,305.65
3/4/2016 14:30,303.04
3/4/2016 14:45,297.63
3/4/2016 15:00,288.62
3/4/2016 15:15,312.99
3/4/2016 15:30,311.73
3/4/2016 15:45,328.14
3/4/2016 16:00,320.38
3/4/2016 16:15,321.73
3/4/2016 16:30,294.15
3/4/2016 16:45,296.14
3/4/2016 17:00,302.41
3/4/2016 17:15,298.24
3/4/2016 17:30,307.39
3/4/2016 17:45,315.91
3/4/2016 18:00,313.89
3/4/2016 18:15,318.92
3/4/2016 18:30,310.47
3/4/2016 18:45,322.36
3/4/2016 19:00,311.71
3/4/2016 19:15,307.74
3/4/2016 19:30,307.95
3/4/2016 19:45,327.76
3/4/2016 20:00,295.40
3/4/2016 20:15,306.04
3/4/2016 20:30,318.19
3/4/2016 20:45,331.29
3/4/2016 21:00,328.34
3/4/2016 21:15,347.17
3/4/2016 21:30,330.50
3/4/2016 21:45,318.71
3/4/2016 22:00,323.08
3/4/2016 22:15,328.48
3/4/2016 22:30,320.04
3/4/2016 22:45,324.17
3/4/2016 23:00,321.18
3/4/2016 23:15,313.28
3/4/2016 23:30,305.71
3/4/2016 23:45,329.90
3/5/2016 0:00,318.53
3/5/2016 0:15,318.85
3/5/2016 0:30,304.79
3/5/2016 0:45,310.52
3/5/2016 1:00,305.15
3/5/2016 1:15,302.95
3/5/2016 1:30,320.18
3/5/2016 1:45,319.61
3/5/2016 2:00,305.26
3/5/2016 2:15,310.93
3/5/2016 2:30,311.20
3/5/2016 2:45,312.46
3/5/2016 3:00,299.85
3/5/2016 3:15,301.81
3/5/2016 3:30,309.57
3/5/2016 3:45,303.58
3/5/2016 4:00,298.08
3/5/2016 4:15,280.22
3/5/2016 4:30,279.18
3/5/2016 4:45,294.36
3/5/2016 5:00,274.79
3/5/2016 5:15,262.48
3/5/2016 5:30,265.56
3/5/2016 5:45,274.47
3/5/2016 6:00,279.48
3/5/2016 6:15,281.61
3/5/2016 6:30,264.00
3/5/2016 6:45,260.64
3/5/2016 7:00,276.97
3/5/2016 7:15,252.22
3/5/2016 7:30,254.35
3/5/2016 7:45,257.50
3/5/2016 8:00,235.20
3/5/2016 8:15,242.91
3/5/2016 8:30,252.75
3/5/2016 8:45,247.98
3/5/2016 9:00,244.61
3/5/2016 9:15,264.00
3/5/2016 9:30,252.39
3/5/2016 9:45,240.00
3/5/2016 10:00,235.80
3/5/2016 10:15,243.44
3/5/2016 10:30,242.85
3/5/2016 10:45,238.40
3/5/2016 11:00,238.40
3/5/2016 11:15,227.20
3/5/2016 11:30,244.80
3/5/2016 11:45,256.00
3/5/2016 12:00,256.00
3/5/2016 12:15,262.40
3/5/2016 12:30,267.20
3/5/2016 12:45,268.80
3/5/2016 13:00,304.08
3/5/2016 13:15,292.81
3/5/2016 13:30,276.80
3/5/2016 13:45,291.29
3/5/2016 14:00,299.20
3/5/2016 14:15,304.00
3/5/2016 14:30,305.93
3/5/2016 14:45,292.81
3/5/2016 15:00,292.80
3/5/2016 15:15,291.20
3/5/2016 15:30,297.69
3/5/2016 15:45,302.50
3/5/2016 16:00,293.10
3/5/2016 16:15,296.00
3/5/2016 16:30,288.00
3/5/2016 16:45,304.25
3/5/2016 17:00,292.80
3/5/2016 17:15,288.04
3/5/2016 17:30,305.67
3/5/2016 17:45,317.48
3/5/2016 18:00,313.55
3/5/2016 18:15,314.42
3/5/2016 18:30,310.58
3/5/2016 18:45,321.88
3/5/2016 19:00,303.00
3/5/2016 19:15,304.20
3/5/2016 19:30,303.98
3/5/2016 19:45,327.59
3/5/2016 20:00,291.23
3/5/2016 20:15,291.20
3/5/2016 20:30,307.59
3/5/2016 20:45,325.17
3/5/2016 21:00,326.19
3/5/2016 21:15,345.67
3/5/2016 21:30,305.90
3/5/2016 21:45,321.83
3/5/2016 22:00,327.26
3/5/2016 22:15,325.02
3/5/2016 22:30,321.40
3/5/2016 22:45,323.43
3/5/2016 23:00,313.01
3/5/2016 23:15,318.53
3/5/2016 23:30,324.46
3/5/2016 23:45,342.01
3/6/2016 0:00,328.62
3/6/2016 0:15,326.21
3/6/2016 0:30,310.70
3/6/2016 0:45,334.31
3/6/2016 1:00,314.71
3/6/2016 1:15,316.14
3/6/2016 1:30,331.19
3/6/2016 1:45,334.26
3/6/2016 2:00,305.71
3/6/2016 2:15,325.34
3/6/2016 2:30,314.69
3/6/2016 2:45,314.89
3/6/2016 3:00,309.40
3/6/2016 3:15,311.88
3/6/2016 3:30,307.44
3/6/2016 3:45,307.76
3/6/2016 4:00,286.40
3/6/2016 4:15,285.78
3/6/2016 4:30,282.38
3/6/2016 4:45,299.69
3/6/2016 5:00,275.33
3/6/2016 5:15,269.27
3/6/2016 5:30,268.80
3/6/2016 5:45,281.61
3/6/2016 6:00,284.80
3/6/2016 6:15,278.40
3/6/2016 6:30,264.00
3/6/2016 6:45,276.80
3/6/2016 7:00,273.60
3/6/2016 7:15,259.20
3/6/2016 7:30,254.40
3/6/2016 7:45,267.20
3/6/2016 8:00,238.40
3/6/2016 8:15,246.40
3/6/2016 8:30,246.40
3/6/2016 8:45,251.20
3/6/2016 9:00,262.40
3/6/2016 9:15,267.20
3/6/2016 9:30,249.60
3/6/2016 9:45,235.20
3/6/2016 10:00,248.00
3/6/2016 10:15,248.00
3/6/2016 10:30,241.60
3/6/2016 10:45,232.00
3/6/2016 11:00,241.60
3/6/2016 11:15,246.40
3/6/2016 11:30,244.80
3/6/2016 11:45,249.60
3/6/2016 12:00,267.20
3/6/2016 12:15,267.20
3/6/2016 12:30,272.00
3/6/2016 12:45,280.00
3/6/2016 13:00,304.06
3/6/2016 13:15,292.80
3/6/2016 13:30,283.83
3/6/2016 13:45,279.20
3/6/2016 14:00,300.80
3/6/2016 14:15,315.26
3/6/2016 14:30,310.57
3/6/2016 14:45,312.03
3/6/2016 15:00,306.73
3/6/2016 15:15,324.20
3/6/2016 15:30,314.78
3/6/2016 15:45,338.86
3/6/2016 16:00,319.63
3/6/2016 16:15,305.02
3/6/2016 16:30,306.05
3/6/2016 16:45,308.27
3/6/2016 17:00,298.56
3/6/2016 17:15,304.09
3/6/2016 17:30,302.41
3/6/2016 17:45,311.08
3/6/2016 18:00,321.80
3/6/2016 18:15,314.34
3/6/2016 18:30,317.29
3/6/2016 18:45,318.21
3/6/2016 19:00,291.76
3/6/2016 19:15,304.22
3/6/2016 19:30,298.45
3/6/2016 19:45,317.18
3/6/2016 20:00,275.53
3/6/2016 20:15,293.92
3/6/2016 20:30,298.15
3/6/2016 20:45,305.80
3/6/2016 21:00,313.78
3/6/2016 21:15,319.65
3/6/2016 21:30,299.91
3/6/2016 21:45,307.24
3/6/2016 22:00,311.48
3/6/2016 22:15,314.06
3/6/2016 22:30,296.32
3/6/2016 22:45,299.24
3/6/2016 23:00,300.74
3/6/2016 23:15,303.91
3/6/2016 23:30,295.41
3/6/2016 23:45,304.14
3/7/2016 0:00,309.24
3/7/2016 0:15,317.83
3/7/2016 0:30,293.86
3/7/2016 0:45,315.23
3/7/2016 1:00,299.94
3/7/2016 1:15,303.17
3/7/2016 1:30,307.66
3/7/2016 1:45,316.77
3/7/2016 2:00,291.21
3/7/2016 2:15,313.38
3/7/2016 2:30,304.34
3/7/2016 2:45,301.13
3/7/2016 3:00,299.22
3/7/2016 3:15,296.00
3/7/2016 3:30,302.52
3/7/2016 3:45,289.60
3/7/2016 4:00,273.68
3/7/2016 4:15,282.42
3/7/2016 4:30,275.62
3/7/2016 4:45,270.15
3/7/2016 5:00,259.20
3/7/2016 5:15,265.56
3/7/2016 5:30,256.00
3/7/2016 5:45,260.80
3/7/2016 6:00,264.00
3/7/2016 6:15,267.20
3/7/2016 6:30,265.60
3/7/2016 6:45,276.81
3/7/2016 7:00,244.80
3/7/2016 7:15,251.20
3/7/2016 7:30,252.80
3/7/2016 7:45,253.33
3/7/2016 8:00,225.84
3/7/2016 8:15,234.94
3/7/2016 8:30,240.00
3/7/2016 8:45,249.60
3/7/2016 9:00,246.40
3/7/2016 9:15,232.00
3/7/2016 9:30,235.20
3/7/2016 9:45,230.40
3/7/2016 10:00,232.00
3/7/2016 10:15,249.60
3/7/2016 10:30,230.40
3/7/2016 10:45,233.60
3/7/2016 11:00,233.60
3/7/2016 11:15,243.20
3/7/2016 11:30,225.60
3/7/2016 11:45,238.40
3/7/2016 12:00,249.60
3/7/2016 12:15,256.00
3/7/2016 12:30,249.60
3/7/2016 12:45,265.60
3/7/2016 13:00,295.15
3/7/2016 13:15,292.80
3/7/2016 13:30,265.60
3/7/2016 13:45,273.61
3/7/2016 14:00,281.60
3/7/2016 14:15,302.42
3/7/2016 14:30,291.20
3/7/2016 14:45,292.80
3/7/2016 15:00,296.43
3/7/2016 15:15,299.22
3/7/2016 15:30,297.61
3/7/2016 15:45,320.05
3/7/2016 16:00,313.78
3/7/2016 16:15,311.06
3/7/2016 16:30,289.87
3/7/2016 16:45,287.85
3/7/2016 17:00,279.89
3/7/2016 17:15,286.15
3/7/2016 17:30,286.40
3/7/2016 17:45,294.04
3/7/2016 18:00,297.61
3/7/2016 18:15,296.01
3/7/2016 18:30,286.42
3/7/2016 18:45,290.71
3/7/2016 19:00,291.12
3/7/2016 19:15,301.05
3/7/2016 19:30,273.60
3/7/2016 19:45,280.09
3/7/2016 20:00,267.20
3/7/2016 20:15,269.80
3/7/2016 20:30,284.56
3/7/2016 20:45,280.00
3/7/2016 21:00,283.15
3/7/2016 21:15,302.81
3/7/2016 21:30,285.01
3/7/2016 21:45,294.40
3/7/2016 22:00,276.80
3/7/2016 22:15,273.60
3/7/2016 22:30,283.12
3/7/2016 22:45,283.20
3/7/2016 23:00,268.80
3/7/2016 23:15,268.80
3/7/2016 23:30,278.40
3/7/2016 23:45,278.45
3/8/2016 0:00,272.00
3/8/2016 0:15,284.80
3/8/2016 0:30,294.46
3/8/2016 0:45,283.20
3/8/2016 1:00,273.60
3/8/2016 1:15,284.81
3/8/2016 1:30,305.86
3/8/2016 1:45,301.36
3/8/2016 2:00,281.60
3/8/2016 2:15,287.38
3/8/2016 2:30,289.57
3/8/2016 2:45,278.39
3/8/2016 3:00,281.29
3/8/2016 3:15,275.72
3/8/2016 3:30,284.25
3/8/2016 3:45,286.41
3/8/2016 4:00,252.80
3/8/2016 4:15,261.29
3/8/2016 4:30,257.86
3/8/2016 4:45,254.17
3/8/2016 5:00,244.80
3/8/2016 5:15,252.80
3/8/2016 5:30,240.00
3/8/2016 5:45,254.40
3/8/2016 6:00,243.20
3/8/2016 6:15,248.00
3/8/2016 6:30,246.40
3/8/2016 6:45,249.60
3/8/2016 7:00,235.20
3/8/2016 7:15,227.20
3/8/2016 7:30,238.40
3/8/2016 7:45,233.60
3/8/2016 8:00,209.60
3/8/2016 8:15,217.60
3/8/2016 8:30,222.40
3/8/2016 8:45,227.20
3/8/2016 9:00,228.80
3/8/2016 9:15,228.80
3/8/2016 9:30,222.40
3/8/2016 9:45,219.20
3/8/2016 10:00,220.80
3/8/2016 10:15,217.60
3/8/2016 10:30,209.60
3/8/2016 10:45,216.00
3/8/2016 11:00,216.00
3/8/2016 11:15,212.80
3/8/2016 11:30,212.80
3/8/2016 11:45,219.20
3/8/2016 12:00,235.20
3/8/2016 12:15,235.20
3/8/2016 12:30,236.80
3/8/2016 12:45,252.80
3/8/2016 13:00,278.40
3/8/2016 13:15,262.40
3/8/2016 13:30,241.60
3/8/2016 13:45,252.80
3/8/2016 14:00,270.40
3/8/2016 14:15,283.20
3/8/2016 14:30,278.40
3/8/2016 14:45,276.80
3/8/2016 15:00,268.80
3/8/2016 15:15,276.80
3/8/2016 15:30,293.00
3/8/2016 15:45,281.60
3/8/2016 16:00,283.20
3/8/2016 16:15,297.61
3/8/2016 16:30,284.80
3/8/2016 16:45,284.80
3/8/2016 17:00,264.00
3/8/2016 17:15,284.87
3/8/2016 17:30,288.01
3/8/2016 17:45,301.14
3/8/2016 18:00,284.80
3/8/2016 18:15,283.20
3/8/2016 18:30,294.40
3/8/2016 18:45,291.27
3/8/2016 19:00,291.22
3/8/2016 19:15,288.01
3/8/2016 19:30,286.40
3/8/2016 19:45,297.77
3/8/2016 20:00,276.80
3/8/2016 20:15,276.80
3/8/2016 20:30,284.80
3/8/2016 20:45,302.85
3/8/2016 21:00,309.35
3/8/2016 21:15,314.10
3/8/2016 21:30,297.63
3/8/2016 21:45,294.40
3/8/2016 22:00,309.55
3/8/2016 22:15,299.23
3/8/2016 22:30,300.01
3/8/2016 22:45,289.86
3/8/2016 23:00,279.44
3/8/2016 23:15,300.85
3/8/2016 23:30,289.28
3/8/2016 23:45,301.66
3/9/2016 0:00,299.39
3/9/2016 0:15,309.95
3/9/2016 0:30,302.30
3/9/2016 0:45,300.45
3/9/2016 1:00,290.96
3/9/2016 1:15,289.98
3/9/2016 1:30,318.19
3/9/2016 1:45,318.94
3/9/2016 2:00,294.54
3/9/2016 2:15,301.49
3/9/2016 2:30,296.01
3/9/2016 2:45,297.05
3/9/2016 3:00,288.78
3/9/2016 3:15,293.85
3/9/2016 3:30,290.02
3/9/2016 3:45,284.47
3/9/2016 4:00,260.67
3/9/2016 4:15,268.88
3/9/2016 4:30,274.79
3/9/2016 4:45,270.73
3/9/2016 5:00,252.80
3/9/2016 5:15,252.75
3/9/2016 5:30,249.60
3/9/2016 5:45,257.60
3/9/2016 6:00,252.80
3/9/2016 6:15,248.00
3/9/2016 6:30,244.80
3/9/2016 6:45,256.00
3/9/2016 7:00,246.40
3/9/2016 7:15,225.60
3/9/2016 7:30,238.40
3/9/2016 7:45,248.00
3/9/2016 8:00,219.20
3/9/2016 8:15,220.80
3/9/2016 8:30,230.40
3/9/2016 8:45,238.40
3/9/2016 9:00,224.00
3/9/2016 9:15,224.00
3/9/2016 9:30,214.40
3/9/2016 9:45,216.00
3/9/2016 10:00,230.40
3/9/2016 10:15,230.40
3/9/2016 10:30,212.80
3/9/2016 10:45,224.00
3/9/2016 11:00,219.20
3/9/2016 11:15,217.60
3/9/2016 11:30,217.60
3/9/2016 11:45,230.40
3/9/2016 12:00,236.80
3/9/2016 12:15,244.80
3/9/2016 12:30,243.20
3/9/2016 12:45,252.80
3/9/2016 13:00,280.00
3/9/2016 13:15,273.61
3/9/2016 13:30,254.40
3/9/2016 13:45,272.00
3/9/2016 14:00,283.20
3/9/2016 14:15,292.80
3/9/2016 14:30,276.80
3/9/2016 14:45,276.80
3/9/2016 15:00,284.81
3/9/2016 15:15,283.20
3/9/2016 15:30,286.40
3/9/2016 15:45,297.61
3/9/2016 16:00,304.26
3/9/2016 16:15,298.00
3/9/2016 16:30,286.40
3/9/2016 16:45,295.45
3/9/2016 17:00,292.80
3/9/2016 17:15,297.97
3/9/2016 17:30,299.36
3/9/2016 17:45,304.51
3/9/2016 18:00,310.98
3/9/2016 18:15,309.03
3/9/2016 18:30,300.82
3/9/2016 18:45,299.48
3/9/2016 19:00,291.28
3/9/2016 19:15,294.33
3/9/2016 19:30,299.00
3/9/2016 19:45,304.01
3/9/2016 20:00,290.67
3/9/2016 20:15,289.61
3/9/2016 20:30,296.01
3/9/2016 20:45,302.61
3/9/2016 21:00,327.60
3/9/2016 21:15,329.52
3/9/2016 21:30,313.11
3/9/2016 21:45,321.69
3/9/2016 22:00,301.19
3/9/2016 22:15,310.65
3/9/2016 22:30,313.39
3/9/2016 22:45,322.77
3/9/2016 23:00,305.55
3/9/2016 23:15,323.04
3/9/2016 23:30,306.75
3/9/2016 23:45,319.77
3/10/2016 0:00,320.35
3/10/2016 0:15,328.19
3/10/2016 0:30,314.34
3/10/2016 0:45,321.40
3/10/2016 1:00,311.37
3/10/2016 1:15,303.08
3/10/2016 1:30,320.78
3/10/2016 1:45,332.78
3/10/2016 2:00,308.16
3/10/2016 2:15,310.86
3/10/2016 2:30,310.02
3/10/2016 2:45,304.26
3/10/2016 3:00,303.68
3/10/2016 3:15,301.53
3/10/2016 3:30,294.61
3/10/2016 3:45,301.53
3/10/2016 4:00,291.05
3/10/2016 4:15,275.44
3/10/2016 4:30,276.79
3/10/2016 4:45,280.53
3/10/2016 5:00,261.89
3/10/2016 5:15,260.87
3/10/2016 5:30,249.97
3/10/2016 5:45,275.38
3/10/2016 6:00,264.41
3/10/2016 6:15,264.74
3/10/2016 6:30,250.03
3/10/2016 6:45,264.05
3/10/2016 7:00,254.82
3/10/2016 7:15,252.50
3/10/2016 7:30,235.56
3/10/2016 7:45,248.41
3/10/2016 8:00,225.97
3/10/2016 8:15,237.22
3/10/2016 8:30,235.91
3/10/2016 8:45,239.07
3/10/2016 9:00,246.36
3/10/2016 9:15,257.61
3/10/2016 9:30,241.60
3/10/2016 9:45,233.60
3/10/2016 10:00,230.40
3/10/2016 10:15,240.00
3/10/2016 10:30,228.80
3/10/2016 10:45,227.20
3/10/2016 11:00,227.20
3/10/2016 11:15,227.20
3/10/2016 11:30,227.20
3/10/2016 11:45,232.00
3/10/2016 12:00,244.80
3/10/2016 12:15,246.40
3/10/2016 12:30,252.80
3/10/2016 12:45,256.00
3/10/2016 13:00,281.60
3/10/2016 13:15,280.01
3/10/2016 13:30,259.20
3/10/2016 13:45,267.20
3/10/2016 14:00,292.83
3/10/2016 14:15,296.96
3/10/2016 14:30,286.41
3/10/2016 14:45,297.60
3/10/2016 15:00,285.21
3/10/2016 15:15,291.42
3/10/2016 15:30,308.13
3/10/2016 15:45,314.80
3/10/2016 16:00,305.57
3/10/2016 16:15,306.73
3/10/2016 16:30,299.41
3/10/2016 16:45,302.41
3/10/2016 17:00,294.33
3/10/2016 17:15,296.51
3/10/2016 17:30,291.62
3/10/2016 17:45,317.67
3/10/2016 18:00,320.62
3/10/2016 18:15,325.05
3/10/2016 18:30,298.90
3/10/2016 18:45,310.69
3/10/2016 19:00,314.92
3/10/2016 19:15,314.08
3/10/2016 19:30,312.51
3/10/2016 19:45,312.94
3/10/2016 20:00,291.06
3/10/2016 20:15,308.64
3/10/2016 20:30,321.75
3/10/2016 20:45,324.79
3/10/2016 21:00,330.63
3/10/2016 21:15,336.09
3/10/2016 21:30,312.19
3/10/2016 21:45,319.35
3/10/2016 22:00,328.19
3/10/2016 22:15,327.92
3/10/2016 22:30,327.40
3/10/2016 22:45,344.76
3/10/2016 23:00,317.41
3/10/2016 23:15,323.24
3/10/2016 23:30,318.10
3/10/2016 23:45,340.12
3/11/2016 0:00,331.56
3/11/2016 0:15,331.63
3/11/2016 0:30,323.92
3/11/2016 0:45,322.85
3/11/2016 1:00,329.66
3/11/2016 1:15,327.35
3/11/2016 1:30,332.11
3/11/2016 1:45,342.94
3/11/2016 2:00,318.28
3/11/2016 2:15,332.83
3/11/2016 2:30,326.30
3/11/2016 2:45,327.45
3/11/2016 3:00,324.06
3/11/2016 3:15,315.36
3/11/2016 3:30,316.32
3/11/2016 3:45,313.28
3/11/2016 4:00,294.10
3/11/2016 4:15,281.72
3/11/2016 4:30,290.63
3/11/2016 4:45,288.52
3/11/2016 5:00,268.02
3/11/2016 5:15,274.70
3/11/2016 5:30,270.36
3/11/2016 5:45,279.17
3/11/2016 6:00,280.24
3/11/2016 6:15,270.67
3/11/2016 6:30,262.29
3/11/2016 6:45,271.00
3/11/2016 7:00,271.38
3/11/2016 7:15,245.96
3/11/2016 7:30,249.71
3/11/2016 7:45,263.14
3/11/2016 8:00,238.22
3/11/2016 8:15,243.60
3/11/2016 8:30,241.77
3/11/2016 8:45,254.40
3/11/2016 9:00,249.60
3/11/2016 9:15,249.60
3/11/2016 9:30,236.80
3/11/2016 9:45,232.00
3/11/2016 10:00,249.60
3/11/2016 10:15,246.40
3/11/2016 10:30,238.40
3/11/2016 10:45,236.80
3/11/2016 11:00,243.20
3/11/2016 11:15,241.60
3/11/2016 11:30,236.80
3/11/2016 11:45,244.80
3/11/2016 12:00,260.80
3/11/2016 12:15,259.20
3/11/2016 12:30,264.00
3/11/2016 12:45,268.81
3/11/2016 13:00,288.04
3/11/2016 13:15,296.59
3/11/2016 13:30,281.60
3/11/2016 13:45,280.04
3/11/2016 14:00,288.81
3/11/2016 14:15,308.44
3/11/2016 14:30,306.17
3/11/2016 14:45,306.60
3/11/2016 15:00,307.70
3/11/2016 15:15,314.75
3/11/2016 15:30,313.80
3/11/2016 15:45,328.68
3/11/2016 16:00,325.43
3/11/2016 16:15,307.05
3/11/2016 16:30,316.56
3/11/2016 16:45,318.31
3/11/2016 17:00,307.90
3/11/2016 17:15,305.19
3/11/2016 17:30,300.03
3/11/2016 17:45,324.15
3/11/2016 18:00,321.34
3/11/2016 18:15,329.90
3/11/2016 18:30,326.29
3/11/2016 18:45,328.60
3/11/2016 19:00,312.59
3/11/2016 19:15,303.81
3/11/2016 19:30,316.40
3/11/2016 19:45,326.09
3/11/2016 20:00,293.48
3/11/2016 20:15,309.21
3/11/2016 20:30,309.11
3/11/2016 20:45,317.29
3/11/2016 21:00,325.05
3/11/2016 21:15,330.16
3/11/2016 21:30,321.64
3/11/2016 21:45,333.08
3/11/2016 22:00,314.90
3/11/2016 22:15,310.69
3/11/2016 22:30,317.75
3/11/2016 22:45,330.76
3/11/2016 23:00,316.43
3/11/2016 23:15,314.87
3/11/2016 23:30,304.20
3/11/2016 23:45,322.44
3/12/2016 0:00,316.80
3/12/2016 0:15,313.63
3/12/2016 0:30,296.09
3/12/2016 0:45,300.08
3/12/2016 1:00,297.39
3/12/2016 1:15,304.49
3/12/2016 1:30,315.06
3/12/2016 1:45,307.48
3/12/2016 2:00,306.08
3/12/2016 2:15,310.03
3/12/2016 2:30,307.88
3/12/2016 2:45,300.57
3/12/2016 3:00,307.04
3/12/2016 3:15,307.68
3/12/2016 3:30,307.50
3/12/2016 3:45,301.87
3/12/2016 4:00,291.17
3/12/2016 4:15,288.92
3/12/2016 4:30,280.28
3/12/2016 4:45,276.11
3/12/2016 5:00,268.52
3/12/2016 5:15,266.84
3/12/2016 5:30,269.37
3/12/2016 5:45,264.89
3/12/2016 6:00,262.74
3/12/2016 6:15,267.47
3/12/2016 6:30,265.87
3/12/2016 6:45,262.61
3/12/2016 7:00,252.14
3/12/2016 7:15,242.67
3/12/2016 7:30,254.08
3/12/2016 7:45,245.34
3/12/2016 8:00,223.75
3/12/2016 8:15,235.31
3/12/2016 8:30,242.47
3/12/2016 8:45,247.95
3/12/2016 9:00,240.27
3/12/2016 9:15,252.20
3/12/2016 9:30,238.89
3/12/2016 9:45,236.24
3/12/2016 10:00,228.80
3/12/2016 10:15,235.20
3/12/2016 10:30,225.60
3/12/2016 10:45,225.60
3/12/2016 11:00,224.00
3/12/2016 11:15,227.20
3/12/2016 11:30,228.80
3/12/2016 11:45,224.00
3/12/2016 12:00,244.80
3/12/2016 12:15,244.80
3/12/2016 12:30,244.80
3/12/2016 12:45,259.20
3/12/2016 13:00,288.88
3/12/2016 13:15,282.92
3/12/2016 13:30,256.22
3/12/2016 13:45,260.06
3/12/2016 14:00,285.28
3/12/2016 14:15,292.46
3/12/2016 14:30,288.09
3/12/2016 14:45,288.63
3/12/2016 15:00,292.62
3/12/2016 15:15,289.78
3/12/2016 15:30,293.23
3/12/2016 15:45,307.34
3/12/2016 16:00,311.41
3/12/2016 16:15,300.40
3/12/2016 16:30,286.74
3/12/2016 16:45,281.67
3/12/2016 17:00,286.81
3/12/2016 17:15,298.61
3/12/2016 17:30,285.70
3/12/2016 17:45,294.69
3/12/2016 18:00,302.53
3/12/2016 18:15,294.36
3/12/2016 18:30,291.74
3/12/2016 18:45,292.78
3/12/2016 19:00,303.15
3/12/2016 19:15,298.13
3/12/2016 19:30,281.47
3/12/2016 19:45,299.64
3/12/2016 20:00,278.25
3/12/2016 20:15,289.60
3/12/2016 20:30,291.85
3/12/2016 20:45,286.12
3/12/2016 21:00,311.88
3/12/2016 21:15,317.78
3/12/2016 21:30,303.90
3/12/2016 21:45,299.70
3/12/2016 22:00,293.76
3/12/2016 22:15,307.61
3/12/2016 22:30,298.41
3/12/2016 22:45,303.90
3/12/2016 23:00,283.44
3/12/2016 23:15,291.95
3/12/2016 23:30,305.70
3/12/2016 23:45,307.66
3/13/2016 0:00,296.91
3/13/2016 0:15,304.76
3/13/2016 0:30,301.12
3/13/2016 0:45,303.65
3/13/2016 1:00,294.61
3/13/2016 1:15,290.30
3/13/2016 1:30,314.16
3/13/2016 1:45,309.03
3/13/2016 2:00,295.68
3/13/2016 2:15,295.24
3/13/2016 2:30,298.71
3/13/2016 2:45,291.03
3/13/2016 3:00,291.61
3/13/2016 3:15,280.72
3/13/2016 3:30,285.05
3/13/2016 3:45,291.47
3/13/2016 4:00,269.81
3/13/2016 4:15,273.42
3/13/2016 4:30,265.94
3/13/2016 4:45,272.29
3/13/2016 5:00,256.52
3/13/2016 5:15,252.10
3/13/2016 5:30,254.63
3/13/2016 5:45,255.45
3/13/2016 6:00,257.60
3/13/2016 6:15,262.41
3/13/2016 6:30,247.01
3/13/2016 6:45,247.29
3/13/2016 7:00,244.35
3/13/2016 7:15,237.74
3/13/2016 7:30,237.55
3/13/2016 7:45,236.32
3/13/2016 8:00,216.10
3/13/2016 8:15,225.88
3/13/2016 8:30,228.34
3/13/2016 8:45,236.80
3/13/2016 9:00,241.61
3/13/2016 9:15,243.20
3/13/2016 9:30,222.40
3/13/2016 9:45,222.40
3/13/2016 10:00,227.20
3/13/2016 10:15,220.80
3/13/2016 10:30,219.20
3/13/2016 10:45,228.80
3/13/2016 11:00,225.60
3/13/2016 11:15,220.80
3/13/2016 11:30,220.80
3/13/2016 11:45,233.60
3/13/2016 12:00,269.83
3/13/2016 12:15,270.65
3/13/2016 12:30,271.35
3/13/2016 12:45,283.65
3/13/2016 13:00,272.00
3/13/2016 13:15,278.69
3/13/2016 13:30,275.41
3/13/2016 13:45,280.27
3/13/2016 14:00,306.79
3/13/2016 14:15,304.02
3/13/2016 14:30,297.17
3/13/2016 14:45,298.18
3/13/2016 15:00,283.86
3/13/2016 15:15,290.68
3/13/2016 15:30,303.45
3/13/2016 15:45,304.42
3/13/2016 16:00,295.96
3/13/2016 16:15,305.02
3/13/2016 16:30,292.47
3/13/2016 16:45,300.76
3/13/2016 17:00,288.01
3/13/2016 17:15,301.65
3/13/2016 17:30,307.01
3/13/2016 17:45,311.17
3/13/2016 18:00,292.37
3/13/2016 18:15,285.84
3/13/2016 18:30,291.66
3/13/2016 18:45,298.87
3/13/2016 19:00,272.79
3/13/2016 19:15,280.16
3/13/2016 19:30,286.90
3/13/2016 19:45,294.82
3/13/2016 20:00,320.67
3/13/2016 20:15,304.20
3/13/2016 20:30,298.44
3/13/2016 20:45,309.95
3/13/2016 21:00,307.27
3/13/2016 21:15,313.95
3/13/2016 21:30,300.95
3/13/2016 21:45,304.54
3/13/2016 22:00,300.91
3/13/2016 22:15,295.60
3/13/2016 22:30,302.14
3/13/2016 22:45,297.23
3/13/2016 23:00,303.47
3/13/2016 23:15,308.38
3/13/2016 23:30,299.64
3/13/2016 23:45,306.80
3/14/2016 0:00,290.35
3/14/2016 0:15,300.98
3/14/2016 0:30,301.39
3/14/2016 0:45,294.94
3/14/2016 1:00,286.28
3/14/2016 1:15,294.21
3/14/2016 1:30,315.18
3/14/2016 1:45,314.40
3/14/2016 2:00,293.29
3/14/2016 2:15,295.88
3/14/2016 2:30,297.87
3/14/2016 2:45,286.43
3/14/2016 3:00,277.06
3/14/2016 3:15,275.17
3/14/2016 3:30,281.58
3/14/2016 3:45,283.00
3/14/2016 4:00,268.68
3/14/2016 4:15,265.65
3/14/2016 4:30,267.47
3/14/2016 4:45,269.01
3/14/2016 5:00,266.67
3/14/2016 5:15,264.22
3/14/2016 5:30,257.87
3/14/2016 5:45,263.72
3/14/2016 6:00,260.80
3/14/2016 6:15,248.00
3/14/2016 6:30,244.80
3/14/2016 6:45,257.45
3/14/2016 7:00,235.36
3/14/2016 7:15,234.73
3/14/2016 7:30,240.09
3/14/2016 7:45,240.00
3/14/2016 8:00,259.21
3/14/2016 8:15,259.20
3/14/2016 8:30,236.84
3/14/2016 8:45,226.24
3/14/2016 9:00,243.01
3/14/2016 9:15,246.44
3/14/2016 9:30,245.04
3/14/2016 9:45,231.79
3/14/2016 10:00,238.40
3/14/2016 10:15,240.00
3/14/2016 10:30,241.60
3/14/2016 10:45,240.00
3/14/2016 11:00,240.00
3/14/2016 11:15,235.20
3/14/2016 11:30,246.40
3/14/2016 11:45,246.40
3/14/2016 12:00,291.95
3/14/2016 12:15,286.42
3/14/2016 12:30,289.62
3/14/2016 12:45,295.83
3/14/2016 13:00,286.40
3/14/2016 13:15,290.75
3/14/2016 13:30,291.37
3/14/2016 13:45,300.28
3/14/2016 14:00,320.48
3/14/2016 14:15,312.25
3/14/2016 14:30,315.24
3/14/2016 14:45,306.81
3/14/2016 15:00,305.75
3/14/2016 15:15,311.51
3/14/2016 15:30,309.12
3/14/2016 15:45,317.53
3/14/2016 16:00,321.53
3/14/2016 16:15,310.61
3/14/2016 16:30,294.50
3/14/2016 16:45,306.72
3/14/2016 17:00,293.13
3/14/2016 17:15,306.23
3/14/2016 17:30,314.31
3/14/2016 17:45,313.27
3/14/2016 18:00,315.38
3/14/2016 18:15,300.14
3/14/2016 18:30,305.99
3/14/2016 18:45,320.72
3/14/2016 19:00,286.46
3/14/2016 19:15,291.65
3/14/2016 19:30,301.81
3/14/2016 19:45,309.52
3/14/2016 20:00,320.53
3/14/2016 20:15,324.05
3/14/2016 20:30,311.54
3/14/2016 20:45,315.60
3/14/2016 21:00,314.58
3/14/2016 21:15,319.79
3/14/2016 21:30,318.82
3/14/2016 21:45,320.78
3/14/2016 22:00,316.24
3/14/2016 22:15,315.12
3/14/2016 22:30,319.13
3/14/2016 22:45,331.11
3/14/2016 23:00,329.57
3/14/2016 23:15,314.36
3/14/2016 23:30,319.30
3/14/2016 23:45,331.64
3/15/2016 0:00,320.79
3/15/2016 0:15,319.64
3/15/2016 0:30,301.83
3/15/2016 0:45,320.95
3/15/2016 1:00,301.50
3/15/2016 1:15,311.08
3/15/2016 1:30,317.63
3/15/2016 1:45,324.09
3/15/2016 2:00,320.50
3/15/2016 2:15,321.68
3/15/2016 2:30,305.35
3/15/2016 2:45,290.08
3/15/2016 3:00,289.30
3/15/2016 3:15,301.60
3/15/2016 3:30,293.73
3/15/2016 3:45,283.75
3/15/2016 4:00,275.05
3/15/2016 4:15,280.33
3/15/2016 4:30,263.79
3/15/2016 4:45,279.31
3/15/2016 5:00,269.36
3/15/2016 5:15,265.43
3/15/2016 5:30,273.45
3/15/2016 5:45,273.59
3/15/2016 6:00,249.24
3/15/2016 6:15,245.08
3/15/2016 6:30,251.85
3/15/2016 6:45,262.76
3/15/2016 7:00,227.62
3/15/2016 7:15,232.39
3/15/2016 7:30,248.10
3/15/2016 7:45,247.99
3/15/2016 8:00,256.78
3/15/2016 8:15,252.80
3/15/2016 8:30,226.70
3/15/2016 8:45,234.62
3/15/2016 9:00,247.64
3/15/2016 9:15,241.60
3/15/2016 9:30,230.67
3/15/2016 9:45,238.84
3/15/2016 10:00,241.60
3/15/2016 10:15,240.00
3/15/2016 10:30,231.04
3/15/2016 10:45,249.85
3/15/2016 11:00,233.21
3/15/2016 11:15,233.60
3/15/2016 11:30,236.80
3/15/2016 11:45,240.00
3/15/2016 12:00,290.43
3/15/2016 12:15,284.80
3/15/2016 12:30,288.00
3/15/2016 12:45,282.63
3/15/2016 13:00,278.59
3/15/2016 13:15,294.42
3/15/2016 13:30,283.00
3/15/2016 13:45,290.17
3/15/2016 14:00,309.75
3/15/2016 14:15,293.83
3/15/2016 14:30,288.27
3/15/2016 14:45,297.25
3/15/2016 15:00,288.46
3/15/2016 15:15,298.79
3/15/2016 15:30,290.15
3/15/2016 15:45,310.78
3/15/2016 16:00,316.69
3/15/2016 16:15,309.91
3/15/2016 16:30,294.92
3/15/2016 16:45,308.08
3/15/2016 17:00,307.36
3/15/2016 17:15,317.95
3/15/2016 17:30,318.00
3/15/2016 17:45,319.71
3/15/2016 18:00,311.69
3/15/2016 18:15,317.03
3/15/2016 18:30,311.27
3/15/2016 18:45,326.10
3/15/2016 19:00,294.26
3/15/2016 19:15,313.64
3/15/2016 19:30,317.10
3/15/2016 19:45,317.38
3/15/2016 20:00,322.99
3/15/2016 20:15,326.69
3/15/2016 20:30,324.10
3/15/2016 20:45,331.45
3/15/2016 21:00,323.80
3/15/2016 21:15,321.96
3/15/2016 21:30,336.24
3/15/2016 21:45,331.87
3/15/2016 22:00,334.09
3/15/2016 22:15,314.06
3/15/2016 22:30,313.83
3/15/2016 22:45,326.71
3/15/2016 23:00,335.97
3/15/2016 23:15,333.80
3/15/2016 23:30,334.31
3/15/2016 23:45,328.60
3/16/2016 0:00,322.50
3/16/2016 0:15,323.68
3/16/2016 0:30,331.67
3/16/2016 0:45,334.77
3/16/2016 1:00,309.50
3/16/2016 1:15,313.87
3/16/2016 1:30,331.43
3/16/2016 1:45,347.00
3/16/2016 2:00,336.26
3/16/2016 2:15,326.04
3/16/2016 2:30,317.82
3/16/2016 2:45,309.34
3/16/2016 3:00,309.64
3/16/2016 3:15,301.93
3/16/2016 3:30,297.76
3/16/2016 3:45,283.24
3/16/2016 4:00,280.67
3/16/2016 4:15,287.75
3/16/2016 4:30,271.78
3/16/2016 4:45,279.09
3/16/2016 5:00,276.50
3/16/2016 5:15,289.42
3/16/2016 5:30,275.40
3/16/2016 5:45,274.58
3/16/2016 6:00,258.40
3/16/2016 6:15,254.71
3/16/2016 6:30,257.25
3/16/2016 6:45,276.52
3/16/2016 7:00,228.17
3/16/2016 7:15,231.50
3/16/2016 7:30,252.61
3/16/2016 7:45,247.68
3/16/2016 8:00,241.58
3/16/2016 8:15,245.95
3/16/2016 8:30,238.19
3/16/2016 8:45,243.87
3/16/2016 9:00,237.20
3/16/2016 9:15,256.34
3/16/2016 9:30,244.16
3/16/2016 9:45,239.55
3/16/2016 10:00,237.01
3/16/2016 10:15,241.60
3/16/2016 10:30,235.20
3/16/2016 10:45,240.00
3/16/2016 11:00,236.80
3/16/2016 11:15,233.60
3/16/2016 11:30,244.80
3/16/2016 11:45,241.60
3/16/2016 12:00,280.01
3/16/2016 12:15,276.83
3/16/2016 12:30,278.41
3/16/2016 12:45,293.44
3/16/2016 13:00,281.61
3/16/2016 13:15,292.82
3/16/2016 13:30,284.80
3/16/2016 13:45,289.61
3/16/2016 14:00,303.78
3/16/2016 14:15,315.16
3/16/2016 14:30,305.91
3/16/2016 14:45,306.50
3/16/2016 15:00,306.64
3/16/2016 15:15,306.87
3/16/2016 15:30,314.78
3/16/2016 15:45,317.66
3/16/2016 16:00,321.28
3/16/2016 16:15,319.98
3/16/2016 16:30,295.66
3/16/2016 16:45,309.85
3/16/2016 17:00,315.92
3/16/2016 17:15,329.36
3/16/2016 17:30,324.08
3/16/2016 17:45,324.28
3/16/2016 18:00,314.62
3/16/2016 18:15,319.12
3/16/2016 18:30,323.91
3/16/2016 18:45,332.95
3/16/2016 19:00,310.68
3/16/2016 19:15,315.70
3/16/2016 19:30,328.79
3/16/2016 19:45,335.32
3/16/2016 20:00,340.85
3/16/2016 20:15,347.74
3/16/2016 20:30,331.02
3/16/2016 20:45,332.50
3/16/2016 21:00,342.86
3/16/2016 21:15,351.47
3/16/2016 21:30,346.45
3/16/2016 21:45,350.37
3/16/2016 22:00,337.02
3/16/2016 22:15,332.66
3/16/2016 22:30,326.77
3/16/2016 22:45,338.68
3/16/2016 23:00,344.51
3/16/2016 23:15,344.34
3/16/2016 23:30,337.83
3/16/2016 23:45,332.42
3/17/2016 0:00,333.76
3/17/2016 0:15,333.39
3/17/2016 0:30,331.21
3/17/2016 0:45,335.22
3/17/2016 1:00,321.02
3/17/2016 1:15,332.86
3/17/2016 1:30,342.02
3/17/2016 1:45,349.69
3/17/2016 2:00,349.84
3/17/2016 2:15,344.42
3/17/2016 2:30,318.12
3/17/2016 2:45,320.92
3/17/2016 3:00,319.29
3/17/2016 3:15,298.53
3/17/2016 3:30,301.49
3/17/2016 3:45,304.15
3/17/2016 4:00,300.34
3/17/2016 4:15,286.66
3/17/2016 4:30,273.54
3/17/2016 4:45,288.00
3/17/2016 5:00,285.27
3/17/2016 5:15,284.00
3/17/2016 5:30,267.25
3/17/2016 5:45,275.35
3/17/2016 6:00,272.37
3/17/2016 6:15,265.35
3/17/2016 6:30,261.66
3/17/2016 6:45,257.93
3/17/2016 7:00,234.27
3/17/2016 7:15,244.50
3/17/2016 7:30,253.85
3/17/2016 7:45,245.05
3/17/2016 8:00,253.47
3/17/2016 8:15,263.04
3/17/2016 8:30,246.99
3/17/2016 8:45,233.14
3/17/2016 9:00,240.94
3/17/2016 9:15,247.95
3/17/2016 9:30,247.92
3/17/2016 9:45,237.36
3/17/2016 10:00,233.56
3/17/2016 10:15,241.60
3/17/2016 10:30,240.00
3/17/2016 10:45,242.07
3/17/2016 11:00,236.80
3/17/2016 11:15,248.00
3/17/2016 11:30,236.80
3/17/2016 11:45,248.00
3/17/2016 12:00,291.45
3/17/2016 12:15,281.61
3/17/2016 12:30,284.83
3/17/2016 12:45,289.60
3/17/2016 13:00,290.64
3/17/2016 13:15,296.92
3/17/2016 13:30,290.51
3/17/2016 13:45,293.02
3/17/2016 14:00,306.61
3/17/2016 14:15,316.65
3/17/2016 14:30,308.51
3/17/2016 14:45,311.45
3/17/2016 15:00,298.06
3/17/2016 15:15,313.38
3/17/2016 15:30,305.02
3/17/2016 15:45,307.27
3/17/2016 16:00,314.07
3/17/2016 16:15,309.75
3/17/2016 16:30,301.48
3/17/2016 16:45,309.98
3/17/2016 17:00,303.77
3/17/2016 17:15,320.59
3/17/2016 17:30,325.51
3/17/2016 17:45,325.45
3/17/2016 18:00,314.63
3/17/2016 18:15,320.06
3/17/2016 18:30,319.17
3/17/2016 18:45,328.94
3/17/2016 19:00,312.93
3/17/2016 19:15,308.69
3/17/2016 19:30,322.78
3/17/2016 19:45,330.00
3/17/2016 20:00,330.28
3/17/2016 20:15,337.07
3/17/2016 20:30,326.77
3/17/2016 20:45,325.72
3/17/2016 21:00,325.67
3/17/2016 21:15,334.30
3/17/2016 21:30,332.05
3/17/2016 21:45,330.53
3/17/2016 22:00,309.42
3/17/2016 22:15,314.30
3/17/2016 22:30,318.44
3/17/2016 22:45,339.33
3/17/2016 23:00,330.02
3/17/2016 23:15,343.51
3/17/2016 23:30,342.35
3/17/2016 23:45,341.86
3/18/2016 0:00,334.60
3/18/2016 0:15,324.84
3/18/2016 0:30,332.30
3/18/2016 0:45,340.86
3/18/2016 1:00,321.98
3/18/2016 1:15,319.14
3/18/2016 1:30,334.08
3/18/2016 1:45,346.88
3/18/2016 2:00,333.11
3/18/2016 2:15,320.14
3/18/2016 2:30,304.73
3/18/2016 2:45,318.31
3/18/2016 3:00,317.79
3/18/2016 3:15,314.88
3/18/2016 3:30,299.23
3/18/2016 3:45,290.26
3/18/2016 4:00,290.79
3/18/2016 4:15,270.58
3/18/2016 4:30,273.43
3/18/2016 4:45,271.86
3/18/2016 5:00,275.43
3/18/2016 5:15,278.93
3/18/2016 5:30,279.37
3/18/2016 5:45,269.88
3/18/2016 6:00,254.27
3/18/2016 6:15,264.70
3/18/2016 6:30,262.60
3/18/2016 6:45,265.46
3/18/2016 7:00,232.25
3/18/2016 7:15,236.65
3/18/2016 7:30,251.00
3/18/2016 7:45,256.30
3/18/2016 8:00,257.60
3/18/2016 8:15,257.60
3/18/2016 8:30,238.40
3/18/2016 8:45,238.40
3/18/2016 9:00,249.60
3/18/2016 9:15,251.20
3/18/2016 9:30,241.60
3/18/2016 9:45,238.40
3/18/2016 10:00,255.49
3/18/2016 10:15,242.39
3/18/2016 10:30,237.53
3/18/2016 10:45,248.00
3/18/2016 11:00,246.40
3/18/2016 11:15,243.20
3/18/2016 11:30,241.60
3/18/2016 11:45,246.40
3/18/2016 12:00,288.41
3/18/2016 12:15,304.73
3/18/2016 12:30,302.60
3/18/2016 12:45,298.07
3/18/2016 13:00,299.21
3/18/2016 13:15,307.54
3/18/2016 13:30,301.07
3/18/2016 13:45,305.50
3/18/2016 14:00,319.19
3/18/2016 14:15,328.96
3/18/2016 14:30,320.77
3/18/2016 14:45,310.07
3/18/2016 15:00,303.00
3/18/2016 15:15,314.17
3/18/2016 15:30,317.58
3/18/2016 15:45,327.53
3/18/2016 16:00,329.82
3/18/2016 16:15,322.09
3/18/2016 16:30,305.02
3/18/2016 16:45,313.10
3/18/2016 17:00,308.86
3/18/2016 17:15,322.31
3/18/2016 17:30,322.73
3/18/2016 17:45,327.42
3/18/2016 18:00,319.12
3/18/2016 18:15,316.70
3/18/2016 18:30,326.45
3/18/2016 18:45,329.62
3/18/2016 19:00,310.70
3/18/2016 19:15,323.04
3/18/2016 19:30,318.15
3/18/2016 19:45,336.40
3/18/2016 20:00,339.10
3/18/2016 20:15,332.81
3/18/2016 20:30,311.36
3/18/2016 20:45,337.94
3/18/2016 21:00,329.31
3/18/2016 21:15,349.65
3/18/2016 21:30,338.88
3/18/2016 21:45,337.09
3/18/2016 22:00,334.70
3/18/2016 22:15,319.17
3/18/2016 22:30,325.98
3/18/2016 22:45,333.19
3/18/2016 23:00,343.78
3/18/2016 23:15,334.08
3/18/2016 23:30,339.92
3/18/2016 23:45,346.89
3/19/2016 0:00,320.76
3/19/2016 0:15,326.26
3/19/2016 0:30,329.15
3/19/2016 0:45,334.62
3/19/2016 1:00,306.60
3/19/2016 1:15,335.36
3/19/2016 1:30,341.70
3/19/2016 1:45,340.44
3/19/2016 2:00,336.82
3/19/2016 2:15,317.84
3/19/2016 2:30,302.74
3/19/2016 2:45,306.92
3/19/2016 3:00,306.78
3/19/2016 3:15,302.56
3/19/2016 3:30,286.72
3/19/2016 3:45,290.89
3/19/2016 4:00,283.10
3/19/2016 4:15,273.08
3/19/2016 4:30,269.74
3/19/2016 4:45,278.23
3/19/2016 5:00,260.11
3/19/2016 5:15,282.65
3/19/2016 5:30,273.52
3/19/2016 5:45,264.25
3/19/2016 6:00,255.34
3/19/2016 6:15,263.08
3/19/2016 6:30,258.08
3/19/2016 6:45,264.80
3/19/2016 7:00,229.33
3/19/2016 7:15,245.63
3/19/2016 7:30,254.41
3/19/2016 7:45,251.52
3/19/2016 8:00,233.53
3/19/2016 8:15,251.40
3/19/2016 8:30,239.63
3/19/2016 8:45,234.49
3/19/2016 9:00,230.22
3/19/2016 9:15,244.80
3/19/2016 9:30,246.40
3/19/2016 9:45,254.40
3/19/2016 10:00,236.80
3/19/2016 10:15,236.80
3/19/2016 10:30,235.20
3/19/2016 10:45,251.20
3/19/2016 11:00,244.80
3/19/2016 11:15,235.20
3/19/2016 11:30,243.20
3/19/2016 11:45,262.40
3/19/2016 12:00,293.84
3/19/2016 12:15,291.99
3/19/2016 12:30,289.68
3/19/2016 12:45,296.46
3/19/2016 13:00,290.92
3/19/2016 13:15,302.20
3/19/2016 13:30,297.76
3/19/2016 13:45,310.93
3/19/2016 14:00,317.82
3/19/2016 14:15,319.17
3/19/2016 14:30,319.56
3/19/2016 14:45,311.71
3/19/2016 15:00,304.33
3/19/2016 15:15,309.42
3/19/2016 15:30,296.78
3/19/2016 15:45,319.97
3/19/2016 16:00,311.45
3/19/2016 16:15,315.06
3/19/2016 16:30,295.23
3/19/2016 16:45,300.69
3/19/2016 17:00,306.95
3/19/2016 17:15,311.45
3/19/2016 17:30,315.66
3/19/2016 17:45,317.87
3/19/2016 18:00,308.12
3/19/2016 18:15,315.49
3/19/2016 18:30,309.46
3/19/2016 18:45,330.33
3/19/2016 19:00,294.85
3/19/2016 19:15,311.48
3/19/2016 19:30,303.81
3/19/2016 19:45,318.82
3/19/2016 20:00,344.82
3/19/2016 20:15,336.12
3/19/2016 20:30,330.99
3/19/2016 20:45,333.37
3/19/2016 21:00,329.55
3/19/2016 21:15,325.24
3/19/2016 21:30,328.25
3/19/2016 21:45,337.00
3/19/2016 22:00,332.10
3/19/2016 22:15,325.00
3/19/2016 22:30,319.61
3/19/2016 22:45,341.76
3/19/2016 23:00,332.35
3/19/2016 23:15,318.30
3/19/2016 23:30,330.35
3/19/2016 23:45,333.03
3/20/2016 0:00,322.25
3/20/2016 0:15,320.35
3/20/2016 0:30,313.83
3/20/2016 0:45,324.08
3/20/2016 1:00,303.32
3/20/2016 1:15,319.30
3/20/2016 1:30,333.98
3/20/2016 1:45,327.21
3/20/2016 2:00,325.43
3/20/2016 2:15,321.67
3/20/2016 2:30,310.89
3/20/2016 2:45,301.54
3/20/2016 3:00,295.67
3/20/2016 3:15,295.85
3/20/2016 3:30,287.33
3/20/2016 3:45,293.84
3/20/2016 4:00,273.41
3/20/2016 4:15,268.30
3/20/2016 4:30,274.35
3/20/2016 4:45,286.82
3/20/2016 5:00,265.58
3/20/2016 5:15,271.64
3/20/2016 5:30,279.25
3/20/2016 5:45,269.21
3/20/2016 6:00,257.21
3/20/2016 6:15,251.66
3/20/2016 6:30,257.46
3/20/2016 6:45,265.68
3/20/2016 7:00,226.32
3/20/2016 7:15,239.66
3/20/2016 7:30,244.03
3/20/2016 7:45,251.51
3/20/2016 8:00,252.79
3/20/2016 8:15,249.83
3/20/2016 8:30,229.82
3/20/2016 8:45,231.76
3/20/2016 9:00,245.95
3/20/2016 9:15,248.29
3/20/2016 9:30,233.87
3/20/2016 9:45,238.40
3/20/2016 10:00,232.00
3/20/2016 10:15,248.00
3/20/2016 10:30,232.00
3/20/2016 10:45,233.60
3/20/2016 11:00,238.40
3/20/2016 11:15,248.00
3/20/2016 11:30,244.80
3/20/2016 11:45,240.00
3/20/2016 12:00,285.19
3/20/2016 12:15,294.67
3/20/2016 12:30,285.07
3/20/2016 12:45,287.20
3/20/2016 13:00,280.71
3/20/2016 13:15,297.22
3/20/2016 13:30,294.48
3/20/2016 13:45,298.27
3/20/2016 14:00,326.49
3/20/2016 14:15,320.82
3/20/2016 14:30,316.02
3/20/2016 14:45,311.08
3/20/2016 15:00,297.60
3/20/2016 15:15,308.60
3/20/2016 15:30,310.27
3/20/2016 15:45,320.89
3/20/2016 16:00,309.32
3/20/2016 16:15,313.28
3/20/2016 16:30,293.78
3/20/2016 16:45,297.90
3/20/2016 17:00,297.24
3/20/2016 17:15,301.65
3/20/2016 17:30,306.17
3/20/2016 17:45,301.48
3/20/2016 18:00,307.39
3/20/2016 18:15,306.91
3/20/2016 18:30,308.25
3/20/2016 18:45,309.59
3/20/2016 19:00,292.32
3/20/2016 19:15,302.02
3/20/2016 19:30,309.55
3/20/2016 19:45,322.02
3/20/2016 20:00,332.32
3/20/2016 20:15,329.63
3/20/2016 20:30,328.93
3/20/2016 20:45,319.19
3/20/2016 21:00,323.47
3/20/2016 21:15,321.11
3/20/2016 21:30,338.14
3/20/2016 21:45,322.67
3/20/2016 22:00,329.02
3/20/2016 22:15,319.02
3/20/2016 22:30,310.81
3/20/2016 22:45,339.26
3/20/2016 23:00,339.79
3/20/2016 23:15,335.51
3/20/2016 23:30,335.90
3/20/2016 23:45,336.74
3/21/2016 0:00,325.12
3/21/2016 0:15,314.41
3/21/2016 0:30,320.97
3/21/2016 0:45,328.07
3/21/2016 1:00,314.44
3/21/2016 1:15,326.23
3/21/2016 1:30,327.45
3/21/2016 1:45,341.73
3/21/2016 2:00,335.93
3/21/2016 2:15,331.95
3/21/2016 2:30,323.25
3/21/2016 2:45,308.85
3/21/2016 3:00,295.86
3/21/2016 3:15,302.94
3/21/2016 3:30,299.85
3/21/2016 3:45,282.49
3/21/2016 4:00,269.64
3/21/2016 4:15,273.75
3/21/2016 4:30,270.34
3/21/2016 4:45,280.64
3/21/2016 5:00,272.63
3/21/2016 5:15,274.50
3/21/2016 5:30,278.37
3/21/2016 5:45,275.07
3/21/2016 6:00,262.56
3/21/2016 6:15,258.92
3/21/2016 6:30,256.09
3/21/2016 6:45,267.13
3/21/2016 7:00,229.89
3/21/2016 7:15,235.89
3/21/2016 7:30,241.45
3/21/2016 7:45,256.49
3/21/2016 8:00,257.74
3/21/2016 8:15,259.76
3/21/2016 8:30,235.49
3/21/2016 8:45,237.24
3/21/2016 9:00,250.40
3/21/2016 9:15,257.11
3/21/2016 9:30,241.78
3/21/2016 9:45,241.66
3/21/2016 10:00,240.83
3/21/2016 10:15,252.72
3/21/2016 10:30,241.37
3/21/2016 10:45,244.59
3/21/2016 11:00,240.25
3/21/2016 11:15,247.28
3/21/2016 11:30,240.06
3/21/2016 11:45,243.46
3/21/2016 12:00,296.37
3/21/2016 12:15,294.84
3/21/2016 12:30,296.75
3/21/2016 12:45,306.92
3/21/2016 13:00,289.46
3/21/2016 13:15,301.23
3/21/2016 13:30,297.06
3/21/2016 13:45,300.71
3/21/2016 14:00,312.37
3/21/2016 14:15,335.97
3/21/2016 14:30,307.77
3/21/2016 14:45,313.33
3/21/2016 15:00,306.05
3/21/2016 15:15,324.53
3/21/2016 15:30,321.21
3/21/2016 15:45,322.53
3/21/2016 16:00,317.05
3/21/2016 16:15,297.21
3/21/2016 16:30,289.83
3/21/2016 16:45,315.68
3/21/2016 17:00,309.75
3/21/2016 17:15,316.31
3/21/2016 17:30,303.29
3/21/2016 17:45,320.93
3/21/2016 18:00,313.98
3/21/2016 18:15,335.65
3/21/2016 18:30,331.25
3/21/2016 18:45,334.99
3/21/2016 19:00,296.51
3/21/2016 19:15,318.96
3/21/2016 19:30,323.64
3/21/2016 19:45,327.81
3/21/2016 20:00,338.32
3/21/2016 20:15,339.19
3/21/2016 20:30,335.57
3/21/2016 20:45,348.45
3/21/2016 21:00,350.11
3/21/2016 21:15,354.88
3/21/2016 21:30,338.90
3/21/2016 21:45,335.52
3/21/2016 22:00,325.71
3/21/2016 22:15,323.83
3/21/2016 22:30,332.08
3/21/2016 22:45,348.84
3/21/2016 23:00,343.04
3/21/2016 23:15,328.42
3/21/2016 23:30,333.86
3/21/2016 23:45,335.30
3/22/2016 0:00,330.49
3/22/2016 0:15,337.33
3/22/2016 0:30,321.74
3/22/2016 0:45,324.89
3/22/2016 1:00,321.90
3/22/2016 1:15,327.15
3/22/2016 1:30,319.33
3/22/2016 1:45,325.00
3/22/2016 2:00,319.85
3/22/2016 2:15,311.17
3/22/2016 2:30,305.96
3/22/2016 2:45,296.30
3/22/2016 3:00,291.30
3/22/2016 3:15,294.02
3/22/2016 3:30,294.12
3/22/2016 3:45,296.94
3/22/2016 4:00,275.28
3/22/2016 4:15,282.68
3/22/2016 4:30,284.63
3/22/2016 4:45,282.16
3/22/2016 5:00,279.96
3/22/2016 5:15,280.99
3/22/2016 5:30,273.01
3/22/2016 5:45,276.82
3/22/2016 6:00,251.45
3/22/2016 6:15,268.01
3/22/2016 6:30,260.80
3/22/2016 6:45,286.65
3/22/2016 7:00,256.21
3/22/2016 7:15,252.68
3/22/2016 7:30,250.88
3/22/2016 7:45,253.62
3/22/2016 8:00,262.17
3/22/2016 8:15,260.79
3/22/2016 8:30,252.55
3/22/2016 8:45,240.00
3/22/2016 9:00,244.10
3/22/2016 9:15,240.00
3/22/2016 9:30,243.02
3/22/2016 9:45,244.80
3/22/2016 10:00,244.58
3/22/2016 10:15,230.40
3/22/2016 10:30,239.92
3/22/2016 10:45,243.20
3/22/2016 11:00,248.12
3/22/2016 11:15,243.46
3/22/2016 11:30,237.83
3/22/2016 11:45,236.80
3/22/2016 12:00,285.33
3/22/2016 12:15,302.56
3/22/2016 12:30,284.80
3/22/2016 12:45,302.50
3/22/2016 13:00,290.10
3/22/2016 13:15,295.37
3/22/2016 13:30,297.61
3/22/2016 13:45,301.41
3/22/2016 14:00,292.07
3/22/2016 14:15,315.02
3/22/2016 14:30,311.82
3/22/2016 14:45,302.24
3/22/2016 15:00,303.03
3/22/2016 15:15,311.25
3/22/2016 15:30,303.12
3/22/2016 15:45,299.87
3/22/2016 16:00,311.37
3/22/2016 16:15,303.53
3/22/2016 16:30,298.57
3/22/2016 16:45,309.17
3/22/2016 17:00,291.96
3/22/2016 17:15,315.12
3/22/2016 17:30,316.02
3/22/2016 17:45,320.04
3/22/2016 18:00,300.96
3/22/2016 18:15,323.17
3/22/2016 18:30,324.14
3/22/2016 18:45,327.13
3/22/2016 19:00,274.93
3/22/2016 19:15,286.82
3/22/2016 19:30,295.42
3/22/2016 19:45,307.36
3/22/2016 20:00,312.57
3/22/2016 20:15,315.20
3/22/2016 20:30,319.82
3/22/2016 20:45,326.04
3/22/2016 21:00,325.60
3/22/2016 21:15,336.27
3/22/2016 21:30,324.55
3/22/2016 21:45,328.39
3/22/2016 22:00,303.80
3/22/2016 22:15,313.01
3/22/2016 22:30,305.94
3/22/2016 22:45,323.21
3/22/2016 23:00,319.24
3/22/2016 23:15,306.52
3/22/2016 23:30,315.49
3/22/2016 23:45,320.99
3/23/2016 0:00,311.35
3/23/2016 0:15,312.75
3/23/2016 0:30,290.19
3/23/2016 0:45,316.66
3/23/2016 1:00,294.70
3/23/2016 1:15,304.69
3/23/2016 1:30,292.00
3/23/2016 1:45,300.08
3/23/2016 2:00,300.21
3/23/2016 2:15,309.47
3/23/2016 2:30,291.69
3/23/2016 2:45,284.06
3/23/2016 3:00,292.45
3/23/2016 3:15,290.03
3/23/2016 3:30,277.49
3/23/2016 3:45,278.94
3/23/2016 4:00,279.94
3/23/2016 4:15,275.07
3/23/2016 4:30,252.31
3/23/2016 4:45,272.78
3/23/2016 5:00,261.37
3/23/2016 5:15,270.16
3/23/2016 5:30,260.05
3/23/2016 5:45,258.85
3/23/2016 6:00,245.49
3/23/2016 6:15,256.59
3/23/2016 6:30,243.93
3/23/2016 6:45,265.65
3/23/2016 7:00,244.80
3/23/2016 7:15,244.71
3/23/2016 7:30,235.20
3/23/2016 7:45,232.00
3/23/2016 8:00,243.20
3/23/2016 8:15,262.28
3/23/2016 8:30,254.64
3/23/2016 8:45,236.40
3/23/2016 9:00,235.20
3/23/2016 9:15,236.80
3/23/2016 9:30,241.60
3/23/2016 9:45,230.40
3/23/2016 10:00,225.60
3/23/2016 10:15,225.60
3/23/2016 10:30,238.40
3/23/2016 10:45,228.80
3/23/2016 11:00,225.60
3/23/2016 11:15,225.60
3/23/2016 11:30,236.80
3/23/2016 11:45,235.20
3/23/2016 12:00,278.41
3/23/2016 12:15,274.60
3/23/2016 12:30,269.05
3/23/2016 12:45,285.83
3/23/2016 13:00,281.60
3/23/2016 13:15,283.20
3/23/2016 13:30,265.60
3/23/2016 13:45,278.40
3/23/2016 14:00,268.80
3/23/2016 14:15,275.20
3/23/2016 14:30,276.80
3/23/2016 14:45,268.80
3/23/2016 15:00,272.01
3/23/2016 15:15,278.41
3/23/2016 15:30,280.01
3/23/2016 15:45,283.24
3/23/2016 16:00,280.00
3/23/2016 16:15,280.00
3/23/2016 16:30,280.00
3/23/2016 16:45,292.81
3/23/2016 17:00,294.41
3/23/2016 17:15,294.41
3/23/2016 17:30,305.01
3/23/2016 17:45,292.80
3/23/2016 18:00,294.40
3/23/2016 18:15,310.40
3/23/2016 18:30,313.60
3/23/2016 18:45,328.00
3/23/2016 19:00,265.57
3/23/2016 19:15,289.10
3/23/2016 19:30,297.60
3/23/2016 19:45,309.06
3/23/2016 20:00,329.90
3/23/2016 20:15,326.05
3/23/2016 20:30,322.99
3/23/2016 20:45,339.59
3/23/2016 21:00,339.01
3/23/2016 21:15,342.79
3/23/2016 21:30,339.53
3/23/2016 21:45,332.51
3/23/2016 22:00,318.18
3/23/2016 22:15,308.24
3/23/2016 22:30,324.24
3/23/2016 22:45,338.09
3/23/2016 23:00,333.76
3/23/2016 23:15,333.29
3/23/2016 23:30,330.51
3/23/2016 23:45,319.33
3/24/2016 0:00,321.84
3/24/2016 0:15,325.80
3/24/2016 0:30,313.65
3/24/2016 0:45,324.89
3/24/2016 1:00,291.86
3/24/2016 1:15,306.28
3/24/2016 1:30,308.61
3/24/2016 1:45,309.02
3/24/2016 2:00,310.65
3/24/2016 2:15,309.51
3/24/2016 2:30,290.49
3/24/2016 2:45,288.03
3/24/2016 3:00,289.97
3/24/2016 3:15,287.03
3/24/2016 3:30,265.66
3/24/2016 3:45,279.86
3/24/2016 4:00,268.90
3/24/2016 4:15,268.40
3/24/2016 4:30,253.66
3/24/2016 4:45,265.60
3/24/2016 5:00,258.48
3/24/2016 5:15,260.80
3/24/2016 5:30,260.16
3/24/2016 5:45,254.42
3/24/2016 6:00,243.45
3/24/2016 6:15,241.16
3/24/2016 6:30,243.20
3/24/2016 6:45,268.80
3/24/2016 7:00,239.43
3/24/2016 7:15,241.60
3/24/2016 7:30,235.20
3/24/2016 7:45,232.00
3/24/2016 8:00,238.40
3/24/2016 8:15,251.20
3/24/2016 8:30,241.60
3/24/2016 8:45,222.40
3/24/2016 9:00,226.08
3/24/2016 9:15,237.05
3/24/2016 9:30,218.96
3/24/2016 9:45,228.80
3/24/2016 10:00,216.00
3/24/2016 10:15,222.40
3/24/2016 10:30,233.60
3/24/2016 10:45,235.20
3/24/2016 11:00,217.60
3/24/2016 11:15,220.80
3/24/2016 11:30,230.40
3/24/2016 11:45,220.80
3/24/2016 12:00,276.80
3/24/2016 12:15,273.60
3/24/2016 12:30,267.20
3/24/2016 12:45,283.20
3/24/2016 13:00,275.20
3/24/2016 13:15,283.20
3/24/2016 13:30,275.20
3/24/2016 13:45,278.40
3/24/2016 14:00,272.00
3/24/2016 14:15,283.20
3/24/2016 14:30,280.00
3/24/2016 14:45,280.31
3/24/2016 15:00,289.65
3/24/2016 15:15,284.82
3/24/2016 15:30,280.00
3/24/2016 15:45,288.00
3/24/2016 16:00,293.12
3/24/2016 16:15,278.41
3/24/2016 16:30,278.40
3/24/2016 16:45,296.00
3/24/2016 17:00,286.43
3/24/2016 17:15,292.80
3/24/2016 17:30,299.61
3/24/2016 17:45,299.24
3/24/2016 18:00,312.68
3/24/2016 18:15,316.24
3/24/2016 18:30,322.29
3/24/2016 18:45,327.42
3/24/2016 19:00,282.61
3/24/2016 19:15,300.89
3/24/2016 19:30,294.34
3/24/2016 19:45,307.86
3/24/2016 20:00,320.76
3/24/2016 20:15,322.93
3/24/2016 20:30,311.27
3/24/2016 20:45,330.45
3/24/2016 21:00,325.53
3/24/2016 21:15,328.51
3/24/2016 21:30,315.57
3/24/2016 21:45,322.72
3/24/2016 22:00,301.04
3/24/2016 22:15,297.62
3/24/2016 22:30,309.19
3/24/2016 22:45,327.94
3/24/2016 23:00,318.15
3/24/2016 23:15,316.86
3/24/2016 23:30,312.84
3/24/2016 23:45,310.59
3/25/2016 0:00,306.94
3/25/2016 0:15,324.50
3/25/2016 0:30,317.42
3/25/2016 0:45,315.74
3/25/2016 1:00,293.91
3/25/2016 1:15,305.62
3/25/2016 1:30,307.98
3/25/2016 1:45,313.64
3/25/2016 2:00,307.13
3/25/2016 2:15,310.62
3/25/2016 2:30,286.63
3/25/2016 2:45,288.40
3/25/2016 3:00,292.50
3/25/2016 3:15,288.26
3/25/2016 3:30,273.63
3/25/2016 3:45,279.30
3/25/2016 4:00,261.80
3/25/2016 4:15,264.75
3/25/2016 4:30,247.19
3/25/2016 4:45,265.27
3/25/2016 5:00,261.09
3/25/2016 5:15,268.80
3/25/2016 5:30,248.00
3/25/2016 5:45,257.60
3/25/2016 6:00,244.80
3/25/2016 6:15,249.60
3/25/2016 6:30,233.60
3/25/2016 6:45,270.40
3/25/2016 7:00,243.20
3/25/2016 7:15,243.20
3/25/2016 7:30,233.60
3/25/2016 7:45,228.80
3/25/2016 8:00,235.20
3/25/2016 8:15,256.00
3/25/2016 8:30,236.80
3/25/2016 8:45,224.00
3/25/2016 9:00,227.20
3/25/2016 9:15,227.20
3/25/2016 9:30,232.00
3/25/2016 9:45,225.60
3/25/2016 10:00,219.20
3/25/2016 10:15,228.80
3/25/2016 10:30,232.00
3/25/2016 10:45,222.40
3/25/2016 11:00,222.40
3/25/2016 11:15,228.80
3/25/2016 11:30,232.00
3/25/2016 11:45,230.40
3/25/2016 12:00,288.00
3/25/2016 12:15,270.40
3/25/2016 12:30,280.00
3/25/2016 12:45,288.00
3/25/2016 13:00,281.60
3/25/2016 13:15,291.23
3/25/2016 13:30,291.20
3/25/2016 13:45,292.80
3/25/2016 14:00,283.20
3/25/2016 14:15,301.37
3/25/2016 14:30,291.28
3/25/2016 14:45,291.21
3/25/2016 15:00,294.62
3/25/2016 15:15,288.40
3/25/2016 15:30,296.91
3/25/2016 15:45,292.50
3/25/2016 16:00,292.31
3/25/2016 16:15,294.31
3/25/2016 16:30,294.75
3/25/2016 16:45,297.23
3/25/2016 17:00,295.53
3/25/2016 17:15,304.27
3/25/2016 17:30,305.96
3/25/2016 17:45,312.84
3/25/2016 18:00,302.55
3/25/2016 18:15,318.58
3/25/2016 18:30,316.95
3/25/2016 18:45,324.55
3/25/2016 19:00,289.65
3/25/2016 19:15,309.18
3/25/2016 19:30,298.27
3/25/2016 19:45,308.64
3/25/2016 20:00,309.16
3/25/2016 20:15,322.04
3/25/2016 20:30,321.56
3/25/2016 20:45,335.40
3/25/2016 21:00,336.02
3/25/2016 21:15,334.74
3/25/2016 21:30,330.89
3/25/2016 21:45,327.42
3/25/2016 22:00,325.56
3/25/2016 22:15,318.75
3/25/2016 22:30,324.49
3/25/2016 22:45,342.10
3/25/2016 23:00,334.37
3/25/2016 23:15,341.16
3/25/2016 23:30,331.36
3/25/2016 23:45,342.57
3/26/2016 0:00,324.58
3/26/2016 0:15,324.64
3/26/2016 0:30,316.29
3/26/2016 0:45,334.89
3/26/2016 1:00,320.30
3/26/2016 1:15,329.42
3/26/2016 1:30,327.62
3/26/2016 1:45,330.21
3/26/2016 2:00,311.96
3/26/2016 2:15,318.19
3/26/2016 2:30,318.83
3/26/2016 2:45,313.76
3/26/2016 3:00,304.15
3/26/2016 3:15,299.92
3/26/2016 3:30,306.25
3/26/2016 3:45,298.29
3/26/2016 4:00,288.46
3/26/2016 4:15,264.99
3/26/2016 4:30,264.23
3/26/2016 4:45,287.84
3/26/2016 5:00,275.25
3/26/2016 5:15,272.02
3/26/2016 5:30,265.23
3/26/2016 5:45,280.01
3/26/2016 6:00,257.85
3/26/2016 6:15,258.10
3/26/2016 6:30,251.80
3/26/2016 6:45,284.76
3/26/2016 7:00,260.80
3/26/2016 7:15,254.40
3/26/2016 7:30,244.80
3/26/2016 7:45,248.00
3/26/2016 8:00,246.43
3/26/2016 8:15,251.20
3/26/2016 8:30,236.80
3/26/2016 8:45,225.60
3/26/2016 9:00,238.40
3/26/2016 9:15,227.20
3/26/2016 9:30,219.20
3/26/2016 9:45,230.40
3/26/2016 10:00,233.60
3/26/2016 10:15,238.40
3/26/2016 10:30,220.80
3/26/2016 10:45,228.80
3/26/2016 11:00,246.41
3/26/2016 11:15,243.20
3/26/2016 11:30,231.64
3/26/2016 11:45,245.06
3/26/2016 12:00,293.52
3/26/2016 12:15,292.17
3/26/2016 12:30,285.10
3/26/2016 12:45,297.42
3/26/2016 13:00,282.59
3/26/2016 13:15,299.07
3/26/2016 13:30,288.61
3/26/2016 13:45,300.22
3/26/2016 14:00,295.93
3/26/2016 14:15,310.75
3/26/2016 14:30,304.83
3/26/2016 14:45,304.34
3/26/2016 15:00,299.69
3/26/2016 15:15,300.75
3/26/2016 15:30,301.21
3/26/2016 15:45,298.85
3/26/2016 16:00,293.79
3/26/2016 16:15,295.57
3/26/2016 16:30,306.35
3/26/2016 16:45,308.05
3/26/2016 17:00,304.46
3/26/2016 17:15,303.66
3/26/2016 17:30,318.44
3/26/2016 17:45,338.29
3/26/2016 18:00,319.18
3/26/2016 18:15,342.45
3/26/2016 18:30,315.04
3/26/2016 18:45,336.19
3/26/2016 19:00,310.78
3/26/2016 19:15,319.76
3/26/2016 19:30,325.55
3/26/2016 19:45,312.87
3/26/2016 20:00,328.90
3/26/2016 20:15,342.90
3/26/2016 20:30,345.71
3/26/2016 20:45,368.25
3/26/2016 21:00,360.21
3/26/2016 21:15,358.36
3/26/2016 21:30,327.14
3/26/2016 21:45,343.74
3/26/2016 22:00,344.27
3/26/2016 22:15,331.58
3/26/2016 22:30,326.99
3/26/2016 22:45,358.39
3/26/2016 23:00,344.50
3/26/2016 23:15,337.35
3/26/2016 23:30,336.41
3/26/2016 23:45,347.83
3/27/2016 0:00,329.97
3/27/2016 0:15,332.08
3/27/2016 0:30,325.16
3/27/2016 0:45,328.44
3/27/2016 1:00,300.74
3/27/2016 1:15,322.65
3/27/2016 1:30,316.57
3/27/2016 1:45,318.54
3/27/2016 2:00,308.49
3/27/2016 2:15,318.65
3/27/2016 2:30,311.40
3/27/2016 2:45,303.56
3/27/2016 3:00,291.73
3/27/2016 3:15,304.05
3/27/2016 3:30,293.34
3/27/2016 3:45,288.21
3/27/2016 4:00,291.29
3/27/2016 4:15,283.73
3/27/2016 4:30,278.14
3/27/2016 4:45,279.88
3/27/2016 5:00,281.50
3/27/2016 5:15,284.90
3/27/2016 5:30,271.70
3/27/2016 5:45,270.22
3/27/2016 6:00,263.35
3/27/2016 6:15,263.93
3/27/2016 6:30,259.85
3/27/2016 6:45,278.13
3/27/2016 7:00,253.32
3/27/2016 7:15,255.54
3/27/2016 7:30,258.17
3/27/2016 7:45,242.26
3/27/2016 8:00,239.07
3/27/2016 8:15,267.20
3/27/2016 8:30,251.20
3/27/2016 8:45,243.20
3/27/2016 9:00,239.81
3/27/2016 9:15,238.07
3/27/2016 9:30,241.60
3/27/2016 9:45,238.35
3/27/2016 10:00,235.20
3/27/2016 10:15,227.20
3/27/2016 10:30,233.60
3/27/2016 10:45,256.00
3/27/2016 11:00,227.20
3/27/2016 11:15,232.01
3/27/2016 11:30,240.00
3/27/2016 11:45,236.80
3/27/2016 12:00,291.33
3/27/2016 12:15,280.00
3/27/2016 12:30,292.51
3/27/2016 12:45,291.26
3/27/2016 13:00,287.14
3/27/2016 13:15,299.67
3/27/2016 13:30,291.06
3/27/2016 13:45,299.03
3/27/2016 14:00,299.72
3/27/2016 14:15,295.37
3/27/2016 14:30,301.08
3/27/2016 14:45,303.58
3/27/2016 15:00,283.15
3/27/2016 15:15,291.77
3/27/2016 15:30,301.50
3/27/2016 15:45,298.67
3/27/2016 16:00,296.79
3/27/2016 16:15,301.39
3/27/2016 16:30,295.81
3/27/2016 16:45,310.33
3/27/2016 17:00,290.76
3/27/2016 17:15,312.70
3/27/2016 17:30,313.98
3/27/2016 17:45,317.27
3/27/2016 18:00,309.26
3/27/2016 18:15,333.77
3/27/2016 18:30,331.93
3/27/2016 18:45,335.98
3/27/2016 19:00,292.68
3/27/2016 19:15,306.92
3/27/2016 19:30,314.91
3/27/2016 19:45,321.92
3/27/2016 20:00,343.85
3/27/2016 20:15,336.72
3/27/2016 20:30,346.79
3/27/2016 20:45,363.66
3/27/2016 21:00,348.04
3/27/2016 21:15,343.32
3/27/2016 21:30,348.33
3/27/2016 21:45,343.52
3/27/2016 22:00,338.59
3/27/2016 22:15,326.50
3/27/2016 22:30,319.92
3/27/2016 22:45,335.08
3/27/2016 23:00,341.03
3/27/2016 23:15,334.86
3/27/2016 23:30,343.97
3/27/2016 23:45,321.36
3/28/2016 0:00,328.69
3/28/2016 0:15,321.39
3/28/2016 0:30,318.00
3/28/2016 0:45,325.82
3/28/2016 1:00,294.79
3/28/2016 1:15,311.73
3/28/2016 1:30,319.23
3/28/2016 1:45,321.81
3/28/2016 2:00,298.71
3/28/2016 2:15,308.81
3/28/2016 2:30,299.95
3/28/2016 2:45,303.80
3/28/2016 3:00,287.38
3/28/2016 3:15,284.28
3/28/2016 3:30,287.66
3/28/2016 3:45,287.09
3/28/2016 4:00,272.18
3/28/2016 4:15,265.34
3/28/2016 4:30,266.87
3/28/2016 4:45,285.67
3/28/2016 5:00,278.85
3/28/2016 5:15,273.80
3/28/2016 5:30,274.69
3/28/2016 5:45,271.47
3/28/2016 6:00,273.93
3/28/2016 6:15,249.60
3/28/2016 6:30,248.00
3/28/2016 6:45,292.95
3/28/2016 7:00,259.20
3/28/2016 7:15,257.60
3/28/2016 7:30,248.00
3/28/2016 7:45,256.00
3/28/2016 8:00,257.62
3/28/2016 8:15,268.80
3/28/2016 8:30,243.20
3/28/2016 8:45,249.60
3/28/2016 9:00,257.60
3/28/2016 9:15,246.40
3/28/2016 9:30,244.80
3/28/2016 9:45,249.60
3/28/2016 10:00,251.20
3/28/2016 10:15,246.40
3/28/2016 10:30,236.80
3/28/2016 10:45,259.20
3/28/2016 11:00,249.60
3/28/2016 11:15,260.80
3/28/2016 11:30,251.21
3/28/2016 11:45,252.80
3/28/2016 12:00,317.24
3/28/2016 12:15,317.68
3/28/2016 12:30,308.60
3/28/2016 12:45,303.88
3/28/2016 13:00,305.94
3/28/2016 13:15,311.44
3/28/2016 13:30,298.51
3/28/2016 13:45,308.20
3/28/2016 14:00,299.58
3/28/2016 14:15,313.57
3/28/2016 14:30,308.06
3/28/2016 14:45,304.16
3/28/2016 15:00,300.05
3/28/2016 15:15,307.22
3/28/2016 15:30,291.15
3/28/2016 15:45,300.78
3/28/2016 16:00,288.43
3/28/2016 16:15,275.17
3/28/2016 16:30,291.35
3/28/2016 16:45,316.99
3/28/2016 17:00,302.08
3/28/2016 17:15,300.78
3/28/2016 17:30,311.81
3/28/2016 17:45,322.20
3/28/2016 18:00,312.63
3/28/2016 18:15,324.57
3/28/2016 18:30,316.71
3/28/2016 18:45,329.00
3/28/2016 19:00,281.55
3/28/2016 19:15,291.22
3/28/2016 19:30,294.76
3/28/2016 19:45,292.93
3/28/2016 20:00,314.12
3/28/2016 20:15,318.66
3/28/2016 20:30,297.42
3/28/2016 20:45,313.29
3/28/2016 21:00,332.39
3/28/2016 21:15,328.15
3/28/2016 21:30,316.46
3/28/2016 21:45,310.51
3/28/2016 22:00,307.89
3/28/2016 22:15,295.57
3/28/2016 22:30,291.46
3/28/2016 22:45,314.45
3/28/2016 23:00,313.43
3/28/2016 23:15,304.16
3/28/2016 23:30,302.45
3/28/2016 23:45,307.43
3/29/2016 0:00,311.09
3/29/2016 0:15,285.64
3/29/2016 0:30,286.18
3/29/2016 0:45,303.14
3/29/2016 1:00,280.54
3/29/2016 1:15,289.52
3/29/2016 1:30,283.67
3/29/2016 1:45,295.35
3/29/2016 2:00,292.96
3/29/2016 2:15,300.05
3/29/2016 2:30,280.07
3/29/2016 2:45,272.38
3/29/2016 3:00,277.65
3/29/2016 3:15,281.60
3/29/2016 3:30,269.47
3/29/2016 3:45,265.84
3/29/2016 4:00,261.93
3/29/2016 4:15,265.60
3/29/2016 4:30,248.00
3/29/2016 4:45,262.40
3/29/2016 5:00,254.40
3/29/2016 5:15,259.20
3/29/2016 5:30,264.00
3/29/2016 5:45,254.40
3/29/2016 6:00,236.80
3/29/2016 6:15,251.20
3/29/2016 6:30,244.07
3/29/2016 6:45,270.65
3/29/2016 7:00,247.37
3/29/2016 7:15,246.40
3/29/2016 7:30,236.80
3/29/2016 7:45,225.60
3/29/2016 8:00,233.60
3/29/2016 8:15,262.40
3/29/2016 8:30,233.60
3/29/2016 8:45,227.20
3/29/2016 9:00,238.40
3/29/2016 9:15,227.20
3/29/2016 9:30,233.60
3/29/2016 9:45,230.40
3/29/2016 10:00,230.40
3/29/2016 10:15,227.20
3/29/2016 10:30,232.00
3/29/2016 10:45,233.60
3/29/2016 11:00,227.20
3/29/2016 11:15,228.80
3/29/2016 11:30,235.20
3/29/2016 11:45,235.20
3/29/2016 12:00,284.81
3/29/2016 12:15,288.00
3/29/2016 12:30,288.05
3/29/2016 12:45,296.27
3/29/2016 13:00,284.80
3/29/2016 13:15,291.48
3/29/2016 13:30,283.31
3/29/2016 13:45,291.20
3/29/2016 14:00,284.80
3/29/2016 14:15,293.09
3/29/2016 14:30,275.20
3/29/2016 14:45,284.82
3/29/2016 15:00,280.00
3/29/2016 15:15,278.40
3/29/2016 15:30,288.01
3/29/2016 15:45,288.00
3/29/2016 16:00,273.19
3/29/2016 16:15,283.46
3/29/2016 16:30,285.46
3/29/2016 16:45,281.61
3/29/2016 17:00,281.63
3/29/2016 17:15,284.81
3/29/2016 17:30,293.58
3/29/2016 17:45,299.27
3/29/2016 18:00,283.25
3/29/2016 18:15,311.67
3/29/2016 18:30,308.87
3/29/2016 18:45,308.73
3/29/2016 19:00,263.37
3/29/2016 19:15,278.44
3/29/2016 19:30,283.56
3/29/2016 19:45,290.51
3/29/2016 20:00,309.70
3/29/2016 20:15,299.23
3/29/2016 20:30,292.90
3/29/2016 20:45,319.27
3/29/2016 21:00,315.10
3/29/2016 21:15,307.32
3/29/2016 21:30,296.09
3/29/2016 21:45,298.13
3/29/2016 22:00,292.97
3/29/2016 22:15,292.83
3/29/2016 22:30,300.54
3/29/2016 22:45,304.78
3/29/2016 23:00,312.42
3/29/2016 23:15,302.76
3/29/2016 23:30,296.54
3/29/2016 23:45,300.79
3/30/2016 0:00,304.53
3/30/2016 0:15,294.46
3/30/2016 0:30,296.10
3/30/2016 0:45,296.64
3/30/2016 1:00,292.91
3/30/2016 1:15,288.00
3/30/2016 1:30,284.13
3/30/2016 1:45,291.13
3/30/2016 2:00,287.54
3/30/2016 2:15,286.16
3/30/2016 2:30,270.20
3/30/2016 2:45,276.98
3/30/2016 3:00,283.14
3/30/2016 3:15,267.43
3/30/2016 3:30,261.09
3/30/2016 3:45,262.40
3/30/2016 4:00,264.00
3/30/2016 4:15,259.20
3/30/2016 4:30,244.80
3/30/2016 4:45,259.20
3/30/2016 5:00,268.80
3/30/2016 5:15,260.80
3/30/2016 5:30,241.60
3/30/2016 5:45,251.20
3/30/2016 6:00,252.80
3/30/2016 6:15,252.80
3/30/2016 6:30,233.60
3/30/2016 6:45,267.21
3/30/2016 7:00,251.20
3/30/2016 7:15,243.20
3/30/2016 7:30,225.60
3/30/2016 7:45,238.40
3/30/2016 8:00,244.80
3/30/2016 8:15,249.60
3/30/2016 8:30,236.80
3/30/2016 8:45,228.80
3/30/2016 9:00,236.80
3/30/2016 9:15,230.40
3/30/2016 9:30,230.40
3/30/2016 9:45,222.40
3/30/2016 10:00,228.80
3/30/2016 10:15,224.00
3/30/2016 10:30,227.20
3/30/2016 10:45,233.60
3/30/2016 11:00,227.20
3/30/2016 11:15,227.20
3/30/2016 11:30,236.80
3/30/2016 11:45,230.40
3/30/2016 12:00,273.60
3/30/2016 12:15,280.01
3/30/2016 12:30,283.20
3/30/2016 12:45,286.40
3/30/2016 13:00,280.01
3/30/2016 13:15,296.03
3/30/2016 13:30,286.40
3/30/2016 13:45,292.91
3/30/2016 14:00,281.60
3/30/2016 14:15,288.00
3/30/2016 14:30,286.41
3/30/2016 14:45,283.45
3/30/2016 15:00,281.77
3/30/2016 15:15,276.81
3/30/2016 15:30,278.41
3/30/2016 15:45,291.58
3/30/2016 16:00,284.81
3/30/2016 16:15,287.47
3/30/2016 16:30,275.76
3/30/2016 16:45,292.81
3/30/2016 17:00,284.80
3/30/2016 17:15,283.20
3/30/2016 17:30,283.41
3/30/2016 17:45,294.71
3/30/2016 18:00,299.64
3/30/2016 18:15,316.13
3/30/2016 18:30,309.18
3/30/2016 18:45,299.72
3/30/2016 19:00,274.90
3/30/2016 19:15,292.37
3/30/2016 19:30,286.64
3/30/2016 19:45,277.83
3/30/2016 20:00,298.30
3/30/2016 20:15,313.86
3/30/2016 20:30,303.58
3/30/2016 20:45,313.79
3/30/2016 21:00,319.65
3/30/2016 21:15,316.02
3/30/2016 21:30,312.97
3/30/2016 21:45,304.00
3/30/2016 22:00,295.51
3/30/2016 22:15,287.22
3/30/2016 22:30,301.91
3/30/2016 22:45,305.28
3/30/2016 23:00,285.33
3/30/2016 23:15,299.50
3/30/2016 23:30,294.79
3/30/2016 23:45,299.69
3/31/2016 0:00,293.52
3/31/2016 0:15,286.35
3/31/2016 0:30,292.34
3/31/2016 0:45,303.69
3/31/2016 1:00,266.96
3/31/2016 1:15,285.10
3/31/2016 1:30,282.28
3/31/2016 1:45,294.69
3/31/2016 2:00,286.42
3/31/2016 2:15,280.01
3/31/2016 2:30,273.60
3/31/2016 2:45,275.20
3/31/2016 3:00,275.20
3/31/2016 3:15,262.40
3/31/2016 3:30,254.40
3/31/2016 3:45,259.20
3/31/2016 4:00,260.80
3/31/2016 4:15,256.00
3/31/2016 4:30,244.80
3/31/2016 4:45,257.60
3/31/2016 5:00,259.20
3/31/2016 5:15,254.40
3/31/2016 5:30,240.00
3/31/2016 5:45,241.60
3/31/2016 6:00,252.80
3/31/2016 6:15,240.00
3/31/2016 6:30,232.00
3/31/2016 6:45,256.00
3/31/2016 7:00,244.80
3/31/2016 7:15,240.00
3/31/2016 7:30,219.20
3/31/2016 7:45,233.60
3/31/2016 8:00,241.60
3/31/2016 8:15,243.20
3/31/2016 8:30,224.00
3/31/2016 8:45,220.80
3/31/2016 9:00,217.60
3/31/2016 9:15,219.20
3/31/2016 9:30,217.60
3/31/2016 9:45,217.60
3/31/2016 10:00,216.00
3/31/2016 10:15,209.60
3/31/2016 10:30,216.00
3/31/2016 10:45,222.40
3/31/2016 11:00,220.80
3/31/2016 11:15,222.40
3/31/2016 11:30,216.00
3/31/2016 11:45,230.40
3/31/2016 12:00,273.60
3/31/2016 12:15,262.40
3/31/2016 12:30,265.62
3/31/2016 12:45,272.00
3/31/2016 13:00,268.80
3/31/2016 13:15,280.00
3/31/2016 13:30,265.60
3/31/2016 13:45,260.80
3/31/2016 14:00,272.00
3/31/2016 14:15,280.04
3/31/2016 14:30,273.60
3/31/2016 14:45,278.40
3/31/2016 15:00,283.20
3/31/2016 15:15,264.00
3/31/2016 15:30,264.01
3/31/2016 15:45,286.43
3/31/2016 16:00,276.85
3/31/2016 16:15,267.20
3/31/2016 16:30,270.61
3/31/2016 16:45,294.60
3/31/2016 17:00,283.38
3/31/2016 17:15,276.82
3/31/2016 17:30,289.60
3/31/2016 17:45,303.51
3/31/2016 18:00,297.70
3/31/2016 18:15,298.26
3/31/2016 18:30,298.15
3/31/2016 18:45,308.47
3/31/2016 19:00,272.97
3/31/2016 19:15,289.19
3/31/2016 19:30,291.41
3/31/2016 19:45,289.35
3/31/2016 20:00,309.40
3/31/2016 20:15,313.67
3/31/2016 20:30,312.36
3/31/2016 20:45,310.28
3/31/2016 21:00,313.06
3/31/2016 21:15,314.89
3/31/2016 21:30,323.49
3/31/2016 21:45,321.23
3/31/2016 22:00,301.87
3/31/2016 22:15,293.16
3/31/2016 22:30,306.35
3/31/2016 22:45,320.15
3/31/2016 23:00,317.05
3/31/2016 23:15,314.97
3/31/2016 23:30,291.88
3/31/2016 23:45,310.05
